Model,Dataset,Corruption,Severity,loss,accuracy,f1 score,precision,recall
trialcnn,GTSRB,gaussian_noise,1,0.2655925128746834,0.9382422802850356,0.9381502845097741,0.9421071271629704,0.9382422802850356
trialcnn,GTSRB,gaussian_noise,2,0.4780767144810634,0.8958036421219319,0.8961808195311471,0.9072511520847432,0.8958036421219319
trialcnn,GTSRB,gaussian_noise,3,0.9822506156641627,0.8137767220902613,0.8161271652366013,0.8504107114512015,0.8137767220902613
trialcnn,GTSRB,gaussian_noise,4,1.7975868928177623,0.7090261282660333,0.7106328832110863,0.7811162493636337,0.7090261282660333
trialcnn,GTSRB,gaussian_noise,5,3.0312706784227963,0.589944576405384,0.5859517941228785,0.7008539906675355,0.589944576405384
trialcnn,GTSRB,shot_noise,1,0.15104865103249193,0.963341250989707,0.9632498337115452,0.9647403752006598,0.963341250989707
trialcnn,GTSRB,shot_noise,2,0.23725551297878805,0.9419635787806809,0.9419478052621264,0.9450650328195149,0.9419635787806809
trialcnn,GTSRB,shot_noise,3,0.43811001066396477,0.8960411718131434,0.8966120443827645,0.9057518983825487,0.8960411718131434
trialcnn,GTSRB,shot_noise,4,1.134611715289365,0.7756927949326999,0.7788469554214569,0.8135288780399013,0.7756927949326999
trialcnn,GTSRB,shot_noise,5,1.868433722638933,0.6802850356294536,0.6847193633769271,0.7446332273844017,0.6802850356294536
trialcnn,GTSRB,impulse_noise,1,0.29260677705165505,0.9342042755344419,0.9341766757199002,0.9391378179715633,0.9342042755344419
trialcnn,GTSRB,impulse_noise,2,0.5646131387728864,0.885193982581156,0.8861908794727681,0.9008972241791267,0.885193982581156
trialcnn,GTSRB,impulse_noise,3,0.9162710168918776,0.8316706254948535,0.8334815228652284,0.8652643138369939,0.8316706254948535
trialcnn,GTSRB,impulse_noise,4,1.794290843660267,0.7265241488519398,0.7268835141584491,0.794876220890497,0.7265241488519398
trialcnn,GTSRB,impulse_noise,5,2.7959175224258894,0.6239113222486145,0.6177818888728875,0.7226159729335332,0.6239113222486145
trialcnn,GTSRB,defocus_blur,1,0.316431727225952,0.9243863816310373,0.9239579420875892,0.933088917784487,0.9243863816310373
trialcnn,GTSRB,defocus_blur,2,0.6368939421731781,0.83729216152019,0.8376356607122216,0.8661862351370071,0.83729216152019
trialcnn,GTSRB,defocus_blur,3,2.055334294738981,0.5642913697545526,0.5645522415173803,0.6854797637456476,0.5642913697545526
trialcnn,GTSRB,defocus_blur,4,3.5064572247077055,0.3812351543942993,0.37181706828042216,0.5735214825308589,0.3812351543942993
trialcnn,GTSRB,defocus_blur,5,4.534632514944552,0.26991290577988913,0.25082084261255233,0.4719345071028817,0.26991290577988913
trialcnn,GTSRB,jpeg_compression,1,0.215658883468756,0.9478226444972289,0.9479532229288921,0.952349075616217,0.9478226444972289
trialcnn,GTSRB,jpeg_compression,2,0.3027081411601408,0.9250989707046714,0.9255539670337988,0.9331742092255128,0.9250989707046714
trialcnn,GTSRB,jpeg_compression,3,0.3624913061118035,0.9133808392715757,0.9137035097895801,0.9220685045938173,0.9133808392715757
trialcnn,GTSRB,jpeg_compression,4,0.5956282824858941,0.8699129057798891,0.8695209179276592,0.88378967274542,0.8699129057798891
trialcnn,GTSRB,jpeg_compression,5,0.9427363487693495,0.8040380047505938,0.8030343167571853,0.8245134582367054,0.8040380047505938
trialcnn,GTSRB,motion_blur,1,0.3168221381223397,0.9298495645288994,0.9290072322924775,0.9344781470281411,0.9298495645288994
trialcnn,GTSRB,motion_blur,2,0.7700144783146119,0.8311163895486936,0.8309300739461402,0.850404726450578,0.8311163895486936
trialcnn,GTSRB,motion_blur,3,1.6751453786734447,0.6565320665083135,0.6551729052851696,0.700139116921336,0.6565320665083135
trialcnn,GTSRB,motion_blur,4,2.617111813597328,0.489944576405384,0.4859184442477829,0.5549889718964403,0.489944576405384
trialcnn,GTSRB,motion_blur,5,3.119099677184793,0.4103721298495645,0.4001370403784801,0.4856433293709376,0.4103721298495645
trialcnn,GTSRB,zoom_blur,1,0.1149212705891971,0.9747426761678543,0.9747984777982927,0.976222142865892,0.9747426761678543
trialcnn,GTSRB,zoom_blur,2,0.11746983513883012,0.9740300870942201,0.9740623858192129,0.9753869672391727,0.9740300870942201
trialcnn,GTSRB,zoom_blur,3,0.11840277601126821,0.9740300870942201,0.9740438632669735,0.9754061559476901,0.9740300870942201
trialcnn,GTSRB,zoom_blur,4,0.1231897897814472,0.972209026128266,0.9721823413361539,0.97369509084154,0.972209026128266
trialcnn,GTSRB,zoom_blur,5,0.1355560159569061,0.9692794932699921,0.96920766392643,0.9706830323308636,0.9692794932699921
trialcnn,GTSRB,snow,1,0.9559826198661506,0.8498812351543943,0.8490601337406992,0.8683685864404759,0.8498812351543943
trialcnn,GTSRB,snow,2,1.9006290153577416,0.7188440221694379,0.7152899383809219,0.7759557381228452,0.7188440221694379
trialcnn,GTSRB,snow,3,2.4468963074854035,0.6870150435471101,0.6861782245728213,0.7480977117761011,0.6870150435471101
trialcnn,GTSRB,snow,4,3.7279404234716274,0.5718131433095803,0.569627421904838,0.6646487998142164,0.5718131433095803
trialcnn,GTSRB,snow,5,2.789405169212337,0.5949326999208234,0.591197296389808,0.6907509524167921,0.5949326999208234
trialcnn,GTSRB,fog,1,2.5790821732742297,0.5931116389548694,0.5938125462951539,0.6704696292737706,0.5931116389548694
trialcnn,GTSRB,fog,2,3.339252035068503,0.5049881235154394,0.5058879133609042,0.6070272038738015,0.5049881235154394
trialcnn,GTSRB,fog,3,4.6212848066056615,0.3910530482977039,0.38872222000765794,0.48868291967684346,0.3910530482977039
trialcnn,GTSRB,fog,4,5.375708381957887,0.342042755344418,0.3349225231101741,0.41876184046976334,0.342042755344418
trialcnn,GTSRB,fog,5,6.62416309989452,0.2555027711797308,0.2479437985250627,0.31885683326977116,0.2555027711797308
trialcnn,GTSRB,frost,1,0.6938499758051013,0.8660332541567696,0.8654693798049544,0.8866353359238276,0.8660332541567696
trialcnn,GTSRB,frost,2,1.4621332152863862,0.7478226444972288,0.7445378128144833,0.8029453628178391,0.7478226444972288
trialcnn,GTSRB,frost,3,2.002040512721782,0.6749802058590657,0.6697713020127617,0.7563604498527904,0.6749802058590657
trialcnn,GTSRB,frost,4,2.113522644054295,0.6600158353127474,0.6539513237874062,0.743209952932061,0.6600158353127474
trialcnn,GTSRB,frost,5,2.504208225620614,0.617181314330958,0.6095172014341721,0.7209371674801108,0.617181314330958
trialcnn,GTSRB,brightness,1,0.13742278431399257,0.9669833729216152,0.9668933813606688,0.9683455320191137,0.9669833729216152
trialcnn,GTSRB,brightness,2,0.26525144399383316,0.9450514647664291,0.9452022611987052,0.9501907607967999,0.9450514647664291
trialcnn,GTSRB,brightness,3,0.42761700564294725,0.9132224861441014,0.9134295818906227,0.9243370551095614,0.9132224861441014
trialcnn,GTSRB,brightness,4,0.5974266754809507,0.8771971496437054,0.8766498211695835,0.895978300510824,0.8771971496437054
trialcnn,GTSRB,brightness,5,0.8141603441116999,0.8350752177355503,0.8356335393532286,0.8657600895532911,0.8350752177355503
trialcnn,GTSRB,contrast,1,0.2746258670607212,0.926049089469517,0.9268821278090172,0.9361579611083719,0.926049089469517
trialcnn,GTSRB,contrast,2,0.45534011266671376,0.87458432304038,0.8770927606666179,0.9016117254770147,0.87458432304038
trialcnn,GTSRB,contrast,3,0.9411509919430845,0.7365003958828187,0.7415736173057574,0.831591510223819,0.7365003958828187
trialcnn,GTSRB,contrast,4,2.4159354911752855,0.41060965954077594,0.3858927251866775,0.6872717331768313,0.41060965954077594
trialcnn,GTSRB,contrast,5,3.843168765103543,0.19604117181314332,0.13805222988783625,0.24040088640249815,0.19604117181314332
trialcnn,GTSRB,elastic_transform,1,0.27550200094805877,0.9300079176563737,0.9298785659057712,0.9355595417128134,0.9300079176563737
trialcnn,GTSRB,elastic_transform,2,0.474770989867557,0.8807600950118765,0.8809591978387724,0.8927028490195451,0.8807600950118765
trialcnn,GTSRB,elastic_transform,3,0.9491895156607963,0.770387965162312,0.7686985452167254,0.7976605368117986,0.770387965162312
trialcnn,GTSRB,elastic_transform,4,1.387037700844113,0.6841646872525733,0.6804139753052946,0.7229452382647454,0.6841646872525733
trialcnn,GTSRB,elastic_transform,5,2.1219696160520907,0.569833729216152,0.5591078533706662,0.6365991600867996,0.569833729216152
trialcnn,GTSRB,pixelate,1,0.12894873375662802,0.9724465558194775,0.9723885676539106,0.9736025251670349,0.9724465558194775
trialcnn,GTSRB,pixelate,2,0.13566200276960497,0.9701504354711006,0.970086766121186,0.9716377801163513,0.9701504354711006
trialcnn,GTSRB,pixelate,3,0.20026923280643624,0.9517022961203484,0.9516437078632334,0.9557799545487038,0.9517022961203484
trialcnn,GTSRB,pixelate,4,0.36508161984490983,0.9121140142517815,0.91184398404598,0.9198073912937098,0.9121140142517815
trialcnn,GTSRB,pixelate,5,0.5208557855685906,0.8709422011084719,0.8713135577750398,0.8843790616903272,0.8709422011084719
resnet18,GTSRB,gaussian_noise,1,0.31295411573481097,0.9257323832145685,0.9250831420473691,0.9274408550767953,0.9257323832145685
resnet18,GTSRB,gaussian_noise,2,0.48577220393956794,0.8898653998416469,0.888852957188552,0.892795654597922,0.8898653998416469
resnet18,GTSRB,gaussian_noise,3,0.814752191482134,0.8334125098970705,0.8316009514494287,0.8399606008739025,0.8334125098970705
resnet18,GTSRB,gaussian_noise,4,1.3632020824784243,0.7410926365795725,0.7373466519367858,0.7598235480571123,0.7410926365795725
resnet18,GTSRB,gaussian_noise,5,2.131262641564684,0.627236737925574,0.6185018629190054,0.6708684377433585,0.627236737925574
resnet18,GTSRB,shot_noise,1,0.20663637483636468,0.9464766429136976,0.9459303556920439,0.9473908446224805,0.9464766429136976
resnet18,GTSRB,shot_noise,2,0.29365775792170773,0.9292953285827396,0.9287157101867003,0.9304411931651316,0.9292953285827396
resnet18,GTSRB,shot_noise,3,0.4390852823452353,0.895882818685669,0.8952416471636172,0.8983756224263342,0.895882818685669
resnet18,GTSRB,shot_noise,4,0.8802955512833426,0.808313539192399,0.8071869985186931,0.8159362277372922,0.808313539192399
resnet18,GTSRB,shot_noise,5,1.3175269559745457,0.730799683293745,0.7302777108693929,0.7487263526172969,0.730799683293745
resnet18,GTSRB,impulse_noise,1,0.3993266592839009,0.9120348376880444,0.9112698565942521,0.9140596621652187,0.9120348376880444
resnet18,GTSRB,impulse_noise,2,0.6276525340071767,0.8641330166270784,0.8628400106751367,0.8684364280876832,0.8641330166270784
resnet18,GTSRB,impulse_noise,3,0.85971511560636,0.823119556611243,0.8211374164114473,0.8314195537169037,0.823119556611243
resnet18,GTSRB,impulse_noise,4,1.4236415990080422,0.7278701504354711,0.7234683385691392,0.7545937409605388,0.7278701504354711
resnet18,GTSRB,impulse_noise,5,2.0544847035728933,0.6300079176563738,0.6205889941554577,0.6757693277383431,0.6300079176563738
resnet18,GTSRB,defocus_blur,1,0.37052269476017546,0.9025336500395883,0.902197966502638,0.9085115193385561,0.9025336500395883
resnet18,GTSRB,defocus_blur,2,0.7930533588383869,0.8004750593824228,0.8004795782781626,0.8243154288039374,0.8004750593824228
resnet18,GTSRB,defocus_blur,3,2.262111245887391,0.5577197149643706,0.5539649070137104,0.6282895195128568,0.5577197149643706
resnet18,GTSRB,defocus_blur,4,3.3526327136199057,0.39730799683293744,0.3758531864200151,0.4931273413931969,0.39730799683293744
resnet18,GTSRB,defocus_blur,5,4.353475708482007,0.28131433095803643,0.24734967390903198,0.3847259222700887,0.28131433095803643
resnet18,GTSRB,jpeg_compression,1,0.25290630369116085,0.9336500395882819,0.9331357790689332,0.9356503683430303,0.9336500395882819
resnet18,GTSRB,jpeg_compression,2,0.3346319517348388,0.9193190815518606,0.9186335965902942,0.9217201265531388,0.9193190815518606
resnet18,GTSRB,jpeg_compression,3,0.4195497507544681,0.9032462391132224,0.9023832558526893,0.9061440251861109,0.9032462391132224
resnet18,GTSRB,jpeg_compression,4,0.7018860293320739,0.8524940617577197,0.8509392226633364,0.8575714045975468,0.8524940617577197
resnet18,GTSRB,jpeg_compression,5,1.081163911600483,0.7886777513855898,0.7867269808978808,0.7990856031267415,0.7886777513855898
resnet18,GTSRB,motion_blur,1,0.42824712633712014,0.894695170229612,0.894140790799367,0.9024040477971164,0.894695170229612
resnet18,GTSRB,motion_blur,2,1.0060736741572736,0.7781472684085511,0.7778848686729501,0.7996987297513409,0.7781472684085511
resnet18,GTSRB,motion_blur,3,1.96454465400578,0.5979414093428346,0.5974917270804382,0.6429690082327637,0.5979414093428346
resnet18,GTSRB,motion_blur,4,2.9938545004300248,0.4357878068091845,0.4285285785701367,0.48236849356478606,0.4357878068091845
resnet18,GTSRB,motion_blur,5,3.480264126074663,0.3643705463182898,0.3520032753502392,0.40544541775223575,0.3643705463182898
resnet18,GTSRB,zoom_blur,1,0.15138877930161296,0.9623911322248614,0.9620663299174185,0.963360676504491,0.9623911322248614
resnet18,GTSRB,zoom_blur,2,0.15410555618988317,0.9608867775138559,0.960584636577667,0.9618371153912891,0.9608867775138559
resnet18,GTSRB,zoom_blur,3,0.15825508668037463,0.9598574821852731,0.9596200643372524,0.9609193545105617,0.9598574821852731
resnet18,GTSRB,zoom_blur,4,0.16798988111414492,0.9574821852731591,0.9572849419594797,0.9586177598329496,0.9574821852731591
resnet18,GTSRB,zoom_blur,5,0.19588159345911105,0.9517814726840855,0.9516771919473923,0.9535030713652843,0.9517814726840855
resnet18,GTSRB,snow,1,1.2093676394162816,0.7729216152019003,0.7691971580794881,0.7896172408909319,0.7729216152019003
resnet18,GTSRB,snow,2,2.043347035243411,0.6403800475059382,0.6273826981699057,0.6762439309258336,0.6403800475059382
resnet18,GTSRB,snow,3,2.370334400133962,0.6010292953285827,0.5900850455380117,0.6440094938912032,0.6010292953285827
resnet18,GTSRB,snow,4,3.049687991440532,0.4925574030087094,0.4783341964238051,0.5516975254794809,0.4925574030087094
resnet18,GTSRB,snow,5,2.7214700008609043,0.5216943784639747,0.505972171469431,0.5935991083547105,0.5216943784639747
resnet18,GTSRB,fog,1,3.306733788069712,0.4894695170229612,0.4878831411581237,0.5483450408158569,0.4894695170229612
resnet18,GTSRB,fog,2,3.9638235231854098,0.40498812351543945,0.39975529876382315,0.46987285246653987,0.40498812351543945
resnet18,GTSRB,fog,3,4.879010472633682,0.2993665874901029,0.2918931466024918,0.34708715590808353,0.2993665874901029
resnet18,GTSRB,fog,4,5.347477055049,0.2627870150435471,0.25560068097857,0.29623233579748637,0.2627870150435471
resnet18,GTSRB,fog,5,5.95300650721208,0.18978622327790973,0.18322084824359713,0.22072099573326157,0.18978622327790973
resnet18,GTSRB,frost,1,0.8936987593899808,0.8102137767220903,0.8074751180776839,0.8330824937342484,0.8102137767220903
resnet18,GTSRB,frost,2,1.87551132034708,0.657403008709422,0.6528479902218756,0.7336718068109273,0.657403008709422
resnet18,GTSRB,frost,3,2.5098743522912854,0.5622327790973872,0.5533570376317755,0.6720519804476061,0.5622327790973872
resnet18,GTSRB,frost,4,2.6358059703029535,0.5490102929532859,0.5387862475036709,0.6651029108852018,0.5490102929532859
resnet18,GTSRB,frost,5,3.0248219320156795,0.49231987331749805,0.4805984202136817,0.6234341505950889,0.49231987331749805
resnet18,GTSRB,brightness,1,0.1957308302355192,0.9471892319873317,0.9470016084957643,0.9493869551774781,0.9471892319873317
resnet18,GTSRB,brightness,2,0.3671608458183612,0.9097387173396675,0.909814227086258,0.9189405766550396,0.9097387173396675
resnet18,GTSRB,brightness,3,0.5949303166302967,0.8653998416468726,0.8639005120258314,0.8831533706162675,0.8653998416468726
resnet18,GTSRB,brightness,4,0.8625006984238699,0.816547901821061,0.8132691606353012,0.8408927354796585,0.816547901821061
resnet18,GTSRB,brightness,5,1.1800425770135798,0.7574821852731591,0.7531192798399212,0.7948642744985353,0.7574821852731591
resnet18,GTSRB,contrast,1,0.4207335770566692,0.8921615201900237,0.8924081665497985,0.9028454669454737,0.8921615201900237
resnet18,GTSRB,contrast,2,0.6646765828905413,0.8376088677751385,0.8393711981348851,0.8638497318757393,0.8376088677751385
resnet18,GTSRB,contrast,3,1.24909794849247,0.6976247030878859,0.6975674311403601,0.7816572319418268,0.6976247030878859
resnet18,GTSRB,contrast,4,2.7891095687167002,0.41092636579572445,0.3860405822000371,0.5813073055674209,0.41092636579572445
resnet18,GTSRB,contrast,5,4.203453375475801,0.21813143309580363,0.1901486641943475,0.3573396002901818,0.21813143309580363
resnet18,GTSRB,elastic_transform,1,0.3688312200355706,0.905304829770388,0.9044426221471742,0.9078342867973823,0.905304829770388
resnet18,GTSRB,elastic_transform,2,0.6331123376310887,0.8450514647664291,0.8441730865089528,0.8511341113193359,0.8450514647664291
resnet18,GTSRB,elastic_transform,3,1.144699145109641,0.741409342834521,0.7371086379582851,0.7562989105968605,0.741409342834521
resnet18,GTSRB,elastic_transform,4,1.6158280185310971,0.662074425969913,0.6537075157235614,0.6882558382865477,0.662074425969913
resnet18,GTSRB,elastic_transform,5,2.284226128324477,0.5688836104513064,0.5554898063254836,0.6053919495957151,0.5688836104513064
resnet18,GTSRB,pixelate,1,0.1699838705395639,0.9536025336500396,0.9531985353783694,0.9549114574858926,0.9536025336500396
resnet18,GTSRB,pixelate,2,0.17766737091487386,0.9516231195566113,0.9511392474555511,0.9530544085386923,0.9516231195566113
resnet18,GTSRB,pixelate,3,0.26856041191807956,0.9281076801266825,0.9277411232117085,0.9309022725987849,0.9281076801266825
resnet18,GTSRB,pixelate,4,0.41655701724716526,0.8961203483768805,0.8951919558941231,0.900550222113734,0.8961203483768805
resnet18,GTSRB,pixelate,5,0.6390436208983168,0.8482977038796516,0.8472809548033057,0.8562706828883684,0.8482977038796516
mobilenet_v2,GTSRB,gaussian_noise,1,0.7990678947874634,0.8129849564528899,0.8116025517258619,0.8179848470054459,0.8129849564528899
mobilenet_v2,GTSRB,gaussian_noise,2,1.1071693290912812,0.7455265241488519,0.745427032226686,0.758845454395092,0.7455265241488519
mobilenet_v2,GTSRB,gaussian_noise,3,1.6617660665172296,0.6428345209817894,0.6425929754765035,0.6739211244444857,0.6428345209817894
mobilenet_v2,GTSRB,gaussian_noise,4,2.404128438861995,0.5205859065716548,0.5175777533093793,0.5773544236948399,0.5205859065716548
mobilenet_v2,GTSRB,gaussian_noise,5,3.3574513083115893,0.37593032462391135,0.36586519131793455,0.47557452711534937,0.37593032462391135
mobilenet_v2,GTSRB,shot_noise,1,0.6524055943940121,0.8466349960411718,0.8448037506180326,0.8484819843021357,0.8466349960411718
mobilenet_v2,GTSRB,shot_noise,2,0.8295648656331256,0.8041963578780681,0.8036861010175246,0.8107541622868605,0.8041963578780681
mobilenet_v2,GTSRB,shot_noise,3,1.1898843581395213,0.7266825019794141,0.7274130446649791,0.7418227358801386,0.7266825019794141
mobilenet_v2,GTSRB,shot_noise,4,1.9969815962671384,0.5717339667458432,0.5744022478199069,0.6144265842217437,0.5717339667458432
mobilenet_v2,GTSRB,shot_noise,5,2.6439636045472543,0.4547901821060966,0.4541912021754072,0.5227600644968332,0.4547901821060966
mobilenet_v2,GTSRB,impulse_noise,1,0.9470950451335167,0.7811559778305621,0.7798754163313559,0.7888361602953499,0.7811559778305621
mobilenet_v2,GTSRB,impulse_noise,2,1.3764032061196279,0.7010292953285827,0.6998375814868555,0.7195737839583985,0.7010292953285827
mobilenet_v2,GTSRB,impulse_noise,3,1.7184220151115954,0.6388756927949327,0.6359989944464106,0.6685568921716945,0.6388756927949327
mobilenet_v2,GTSRB,impulse_noise,4,2.520138997533259,0.5065716547901821,0.5031730856938923,0.5705146324736091,0.5065716547901821
mobilenet_v2,GTSRB,impulse_noise,5,3.4166817113131827,0.37292161520190026,0.36463536233139415,0.47938095626717325,0.37292161520190026
mobilenet_v2,GTSRB,defocus_blur,1,0.918822233113427,0.7923990498812351,0.7875841159547916,0.7981473339060475,0.7923990498812351
mobilenet_v2,GTSRB,defocus_blur,2,1.3058117862787872,0.7162311955661125,0.7078009424183521,0.726589275424514,0.7162311955661125
mobilenet_v2,GTSRB,defocus_blur,3,2.4763212222856654,0.4897862232779097,0.4722186977317327,0.5387181534941585,0.4897862232779097
mobilenet_v2,GTSRB,defocus_blur,4,3.6741881517031225,0.3319081551860649,0.308822605884584,0.42538651416846346,0.3319081551860649
mobilenet_v2,GTSRB,defocus_blur,5,4.562362252882521,0.23159144893111638,0.2052257972168017,0.3070954148421505,0.23159144893111638
mobilenet_v2,GTSRB,jpeg_compression,1,0.6413382657173128,0.8501187648456057,0.8480932007670581,0.850728865333864,0.8501187648456057
mobilenet_v2,GTSRB,jpeg_compression,2,0.7160183171106772,0.8318289786223277,0.8296228586743503,0.8324580535580072,0.8318289786223277
mobilenet_v2,GTSRB,jpeg_compression,3,0.7877638703452531,0.8173396674584323,0.815234810570004,0.8180708607600464,0.8173396674584323
mobilenet_v2,GTSRB,jpeg_compression,4,1.0345562572764293,0.7664291369754552,0.7633009475466392,0.7686580994718141,0.7664291369754552
mobilenet_v2,GTSRB,jpeg_compression,5,1.3725016214030183,0.7078384798099763,0.7020788444147232,0.7099071641601137,0.7078384798099763
mobilenet_v2,GTSRB,motion_blur,1,1.2649163128266898,0.7348376880443389,0.7288902855423838,0.7423656521973758,0.7348376880443389
mobilenet_v2,GTSRB,motion_blur,2,2.0856753132028043,0.5638163103721299,0.5536116714549509,0.5868307899194185,0.5638163103721299
mobilenet_v2,GTSRB,motion_blur,3,3.130161623905692,0.38424386381631037,0.37014165335084936,0.4228143619399361,0.38424386381631037
mobilenet_v2,GTSRB,motion_blur,4,3.9678626206217547,0.26262866191607287,0.24729495852487599,0.30217956414876807,0.26262866191607287
mobilenet_v2,GTSRB,motion_blur,5,4.301913632312089,0.21797307996832938,0.20342103330979583,0.2468404650652284,0.21797307996832938
mobilenet_v2,GTSRB,zoom_blur,1,0.5610716842982095,0.8700712589073634,0.8679689932825949,0.8704601796747481,0.8700712589073634
mobilenet_v2,GTSRB,zoom_blur,2,0.5798052260018767,0.8657957244655582,0.8636514283172344,0.866409946262644,0.8657957244655582
mobilenet_v2,GTSRB,zoom_blur,3,0.5968772368378029,0.8612826603325415,0.8591644499188807,0.862809579507009,0.8612826603325415
mobilenet_v2,GTSRB,zoom_blur,4,0.6346863440877993,0.8508313539192399,0.848661993827773,0.8531942463672159,0.8508313539192399
mobilenet_v2,GTSRB,zoom_blur,5,0.7149067968879299,0.8332541567695962,0.8306400404106125,0.8375017525532349,0.8332541567695962
mobilenet_v2,GTSRB,snow,1,1.8540792161004467,0.6281868566904196,0.6170306872543138,0.6438694952576872,0.6281868566904196
mobilenet_v2,GTSRB,snow,2,2.681601356912584,0.49493269992082345,0.47967751788383256,0.5449937403900947,0.49493269992082345
mobilenet_v2,GTSRB,snow,3,3.2848278314842654,0.4407759303246239,0.42130299966081125,0.4953942995102845,0.4407759303246239
mobilenet_v2,GTSRB,snow,4,4.06895412790898,0.3489311163895487,0.32231614526646307,0.408922161404533,0.3489311163895487
mobilenet_v2,GTSRB,snow,5,3.7690441725089827,0.36033254156769595,0.33574279041617244,0.42847368421149407,0.36033254156769595
mobilenet_v2,GTSRB,fog,1,4.304399809644794,0.3042755344418052,0.2850411437920177,0.366635581820089,0.3042755344418052
mobilenet_v2,GTSRB,fog,2,4.900510926069198,0.23412509897070466,0.21264170071543484,0.29464297951087437,0.23412509897070466
mobilenet_v2,GTSRB,fog,3,5.532983085907175,0.17569279493269993,0.15247557761811015,0.20403571907460968,0.17569279493269993
mobilenet_v2,GTSRB,fog,4,5.6687283724334065,0.15629453681710215,0.1365720870217081,0.18073319916153413,0.15629453681710215
mobilenet_v2,GTSRB,fog,5,6.07434333875268,0.12232779097387174,0.10400096327541382,0.13843878609984142,0.12232779097387174
mobilenet_v2,GTSRB,frost,1,1.9544344552999815,0.5988915281076801,0.5818457238421956,0.6404991397129982,0.5988915281076801
mobilenet_v2,GTSRB,frost,2,2.733428060149542,0.47790973871733966,0.45070106212190386,0.548354683298639,0.47790973871733966
mobilenet_v2,GTSRB,frost,3,3.1136580524233155,0.41211401425178146,0.37847936806081184,0.48046957530246154,0.41211401425178146
mobilenet_v2,GTSRB,frost,4,3.1567714660581103,0.4074425969912906,0.3736622035120619,0.4724646196650074,0.4074425969912906
mobilenet_v2,GTSRB,frost,5,3.3754080300470806,0.3702296120348377,0.3328426845719737,0.43946740785427363,0.3702296120348377
mobilenet_v2,GTSRB,brightness,1,0.7449491490063539,0.832541567695962,0.8296292371988911,0.835170281378382,0.832541567695962
mobilenet_v2,GTSRB,brightness,2,1.075304231661138,0.7608867775138559,0.7546230076671937,0.7723527200156939,0.7608867775138559
mobilenet_v2,GTSRB,brightness,3,1.474163008861757,0.6879651623119557,0.6755327353859585,0.7070727287901569,0.6879651623119557
mobilenet_v2,GTSRB,brightness,4,1.7508454654533903,0.6385589865399842,0.6246037799530463,0.6568392075508802,0.6385589865399842
mobilenet_v2,GTSRB,brightness,5,2.070501243860497,0.5870150435471101,0.5704861082998112,0.6251517313218131,0.5870150435471101
mobilenet_v2,GTSRB,contrast,1,1.1075908226619517,0.7328582739509105,0.728080890646339,0.7570653374218408,0.7328582739509105
mobilenet_v2,GTSRB,contrast,2,1.5182792045347104,0.6395882818685669,0.6265985181867976,0.678572855937571,0.6395882818685669
mobilenet_v2,GTSRB,contrast,3,2.200416991112257,0.49414093428345207,0.4665463516451004,0.5740904480956127,0.49414093428345207
mobilenet_v2,GTSRB,contrast,4,3.3084874806287075,0.30253365003958826,0.25755035323104586,0.3861474941390256,0.30253365003958826
mobilenet_v2,GTSRB,contrast,5,4.043258683000023,0.18543151227236737,0.1424030617121224,0.176749486042836,0.18543151227236737
mobilenet_v2,GTSRB,elastic_transform,1,0.8686403787829814,0.802929532858274,0.7998266990267424,0.80584551113332,0.802929532858274
mobilenet_v2,GTSRB,elastic_transform,2,1.1043319931376196,0.7502771179730799,0.7461955267488412,0.7534248981639842,0.7502771179730799
mobilenet_v2,GTSRB,elastic_transform,3,1.5252928259065013,0.665083135391924,0.6599301706529753,0.6744567646396138,0.665083135391924
mobilenet_v2,GTSRB,elastic_transform,4,1.9058395540723703,0.5848772763262075,0.5791208057811099,0.6044710273791584,0.5848772763262075
mobilenet_v2,GTSRB,elastic_transform,5,2.4964877279618385,0.4885193982581156,0.4794895942501415,0.5222131629174218,0.4885193982581156
mobilenet_v2,GTSRB,pixelate,1,0.5778023763573769,0.8689627870150436,0.8665908599998403,0.8697956511300049,0.8689627870150436
mobilenet_v2,GTSRB,pixelate,2,0.5959378994609762,0.863341250989707,0.8607334720007661,0.8638577213286714,0.863341250989707
mobilenet_v2,GTSRB,pixelate,3,0.7235479201015412,0.8296912114014252,0.826789069235547,0.8317526814953133,0.8296912114014252
mobilenet_v2,GTSRB,pixelate,4,0.9284179761433592,0.7890736342042756,0.785415671419122,0.7919191531754646,0.7890736342042756
mobilenet_v2,GTSRB,pixelate,5,1.0750869492595383,0.7584323040380048,0.7540947310030673,0.7624343757482869,0.7584323040380048
efficientnet_b0,GTSRB,gaussian_noise,1,0.5228818444439276,0.8795724465558195,0.8797086433703505,0.8842145106053863,0.8795724465558195
efficientnet_b0,GTSRB,gaussian_noise,2,0.7843296681475469,0.8290577988915281,0.8296931453397957,0.8374699262296604,0.8290577988915281
efficientnet_b0,GTSRB,gaussian_noise,3,1.2439354494509014,0.747347585114806,0.7482921276543185,0.7670080090076874,0.747347585114806
efficientnet_b0,GTSRB,gaussian_noise,4,1.9869549430181181,0.6403800475059382,0.6418270479362217,0.6804601149789841,0.6403800475059382
efficientnet_b0,GTSRB,gaussian_noise,5,3.005827614926952,0.5019002375296913,0.5011235359494542,0.5599501364898902,0.5019002375296913
efficientnet_b0,GTSRB,shot_noise,1,0.39305462735879837,0.9057798891528107,0.9056297262253247,0.9091907065274921,0.9057798891528107
efficientnet_b0,GTSRB,shot_noise,2,0.5288849677442207,0.8762470308788599,0.8762932062637274,0.8808907829150631,0.8762470308788599
efficientnet_b0,GTSRB,shot_noise,3,0.7961588083299633,0.8205067300079176,0.821329711041783,0.8286578246188073,0.8205067300079176
efficientnet_b0,GTSRB,shot_noise,4,1.4778386722220755,0.6973871733966746,0.7004855976558032,0.7226996010651833,0.6973871733966746
efficientnet_b0,GTSRB,shot_noise,5,2.118659781144898,0.5866191607284243,0.5912776592964083,0.6274725099892048,0.5866191607284243
efficientnet_b0,GTSRB,impulse_noise,1,0.5951942112506238,0.8656373713380839,0.8659492802213519,0.8718603157853974,0.8656373713380839
efficientnet_b0,GTSRB,impulse_noise,2,0.9007448288991823,0.8052256532066508,0.8062474983018831,0.8187722578577813,0.8052256532066508
efficientnet_b0,GTSRB,impulse_noise,3,1.22283139413817,0.7475059382422803,0.7487163395667399,0.7672091787662343,0.7475059382422803
efficientnet_b0,GTSRB,impulse_noise,4,2.0043685097026147,0.6347585114806017,0.635163446816568,0.6732771629316068,0.6347585114806017
efficientnet_b0,GTSRB,impulse_noise,5,2.8434365314806818,0.5140934283452098,0.5119148203452829,0.5686172531190286,0.5140934283452098
efficientnet_b0,GTSRB,defocus_blur,1,0.5419502012846035,0.8740300870942201,0.8725409372761295,0.8813115402755811,0.8740300870942201
efficientnet_b0,GTSRB,defocus_blur,2,0.9341534932890961,0.7921615201900237,0.7871983387244706,0.8102971476600239,0.7921615201900237
efficientnet_b0,GTSRB,defocus_blur,3,2.6632437547047934,0.5235946159936659,0.5106243291149263,0.607725317678831,0.5235946159936659
efficientnet_b0,GTSRB,defocus_blur,4,4.486674512725734,0.3547901821060966,0.3270152605340012,0.49226956987060627,0.3547901821060966
efficientnet_b0,GTSRB,defocus_blur,5,5.835266676953362,0.233729216152019,0.2055974797612183,0.3889571867675851,0.233729216152019
efficientnet_b0,GTSRB,jpeg_compression,1,0.4516284305984833,0.8916072842438638,0.8917769151511336,0.8967030509563901,0.8916072842438638
efficientnet_b0,GTSRB,jpeg_compression,2,0.566825588135475,0.8741884402216944,0.8742382965013037,0.879958638959592,0.8741884402216944
efficientnet_b0,GTSRB,jpeg_compression,3,0.6391922405903594,0.8627870150435472,0.8625392679138252,0.868573620371952,0.8627870150435472
efficientnet_b0,GTSRB,jpeg_compression,4,0.9347859331519474,0.8117181314330958,0.81042928801835,0.8163984363220588,0.8117181314330958
efficientnet_b0,GTSRB,jpeg_compression,5,1.3250719331788903,0.7460015835312748,0.744523834878437,0.7542206292146472,0.7460015835312748
efficientnet_b0,GTSRB,motion_blur,1,0.6849056634394215,0.8429928741092637,0.8429523141216326,0.851894649571659,0.8429928741092637
efficientnet_b0,GTSRB,motion_blur,2,1.3913870636376708,0.696437054631829,0.6973683069328228,0.7191805059508041,0.696437054631829
efficientnet_b0,GTSRB,motion_blur,3,2.5639113043379615,0.4972288202692003,0.49964598504455354,0.5352841415704077,0.4972288202692003
efficientnet_b0,GTSRB,motion_blur,4,3.629355819246076,0.3553444180522565,0.3565794509636474,0.3986745034022196,0.3553444180522565
efficientnet_b0,GTSRB,motion_blur,5,4.203672668505357,0.28780680918448137,0.288370327025476,0.3373460376093582,0.28780680918448137
efficientnet_b0,GTSRB,zoom_blur,1,0.3055233144889645,0.9251781472684085,0.9251427975005295,0.9284721758197984,0.9251781472684085
efficientnet_b0,GTSRB,zoom_blur,2,0.31400803120945814,0.9223277909738717,0.922222356030174,0.9255715320467577,0.9223277909738717
efficientnet_b0,GTSRB,zoom_blur,3,0.32758235906615596,0.9183689627870151,0.9184370945456741,0.9219563140164935,0.9183689627870151
efficientnet_b0,GTSRB,zoom_blur,4,0.3556796779884291,0.9114806017418844,0.9116380127586894,0.9153953161267221,0.9114806017418844
efficientnet_b0,GTSRB,zoom_blur,5,0.4136077986320227,0.8943784639746635,0.8946338290104913,0.8999434020241783,0.8943784639746635
efficientnet_b0,GTSRB,snow,1,1.3502814375967236,0.7387965162311956,0.7371462374140226,0.7582877585724213,0.7387965162311956
efficientnet_b0,GTSRB,snow,2,2.2179083357702996,0.602375296912114,0.5963983397311942,0.6373316053096547,0.602375296912114
efficientnet_b0,GTSRB,snow,3,2.5159636233594806,0.565083135391924,0.5608969207237574,0.6127099016413559,0.565083135391924
efficientnet_b0,GTSRB,snow,4,3.394897564497621,0.45336500395882817,0.4457087410419698,0.5164813072094523,0.45336500395882817
efficientnet_b0,GTSRB,snow,5,2.9683581894386033,0.48210609659540776,0.4693571524160273,0.5515071528965828,0.48210609659540776
efficientnet_b0,GTSRB,fog,1,4.138416240598508,0.4081551860649248,0.40608728816597406,0.4809094327723591,0.4081551860649248
efficientnet_b0,GTSRB,fog,2,4.940283361542159,0.3245447347585115,0.31953395165253135,0.40675231010462815,0.3245447347585115
efficientnet_b0,GTSRB,fog,3,5.884454579855465,0.23539192399049882,0.22697336764941473,0.2908730931479341,0.23539192399049882
efficientnet_b0,GTSRB,fog,4,6.071239313395932,0.20760095011876484,0.20101796478141115,0.24997567380854938,0.20760095011876484
efficientnet_b0,GTSRB,fog,5,6.679810379689776,0.15534441805225654,0.1490234392858924,0.1911363251653698,0.15534441805225654
efficientnet_b0,GTSRB,frost,1,1.4106900279142511,0.7187648456057008,0.7121318133445443,0.7498152503389053,0.7187648456057008
efficientnet_b0,GTSRB,frost,2,2.434289395006894,0.5707046714172604,0.551672249747516,0.629101688669114,0.5707046714172604
efficientnet_b0,GTSRB,frost,3,3.0173262157047542,0.4934283452098179,0.4665126334639153,0.5627338387723044,0.4934283452098179
efficientnet_b0,GTSRB,frost,4,3.1226605612421827,0.4841646872525732,0.4569073528074599,0.5519025566253859,0.4841646872525732
efficientnet_b0,GTSRB,frost,5,3.4511911291030315,0.4372129849564529,0.40686090140014164,0.509408517882709,0.4372129849564529
efficientnet_b0,GTSRB,brightness,1,0.4107021118716284,0.9027711797307997,0.9029196249158005,0.9095653064156733,0.9027711797307997
efficientnet_b0,GTSRB,brightness,2,0.6637941096352615,0.8542359461599367,0.8551010062010509,0.8691125710576388,0.8542359461599367
efficientnet_b0,GTSRB,brightness,3,0.9725672685081819,0.7973079968329374,0.7979310607022587,0.8226830893768222,0.7973079968329374
efficientnet_b0,GTSRB,brightness,4,1.2959349972059506,0.7368962787015043,0.7357490447747957,0.7728786757878714,0.7368962787015043
efficientnet_b0,GTSRB,brightness,5,1.6212365628587362,0.6813143309580364,0.6774902858563222,0.7242260721661269,0.6813143309580364
efficientnet_b0,GTSRB,contrast,1,0.7979593184196279,0.8253365003958828,0.8268921634691456,0.8507820084152985,0.8253365003958828
efficientnet_b0,GTSRB,contrast,2,1.2115251683754669,0.7455265241488519,0.7438765775013951,0.7943825453007419,0.7455265241488519
efficientnet_b0,GTSRB,contrast,3,2.0847709512295274,0.5796516231195566,0.5598237190816014,0.679408864239589,0.5796516231195566
efficientnet_b0,GTSRB,contrast,4,4.068150375348089,0.2934283452098179,0.23960659082992267,0.3794927813724725,0.2934283452098179
efficientnet_b0,GTSRB,contrast,5,5.578474163197376,0.14980205859065718,0.10138900163847,0.2054203659044436,0.14980205859065718
efficientnet_b0,GTSRB,elastic_transform,1,0.5476899412063172,0.8683293745051465,0.867560879624559,0.8714061761061261,0.8683293745051465
efficientnet_b0,GTSRB,elastic_transform,2,0.8185068449611619,0.8123515439429929,0.8108484020221294,0.8188224062696173,0.8123515439429929
efficientnet_b0,GTSRB,elastic_transform,3,1.3250123867229724,0.7139350752177356,0.7100228962592864,0.7254481010984085,0.7139350752177356
efficientnet_b0,GTSRB,elastic_transform,4,1.8451177387957713,0.6281868566904196,0.6234992191095344,0.6479482286720676,0.6281868566904196
efficientnet_b0,GTSRB,elastic_transform,5,2.649951984574657,0.5097387173396675,0.4995270079933862,0.5478055844821497,0.5097387173396675
efficientnet_b0,GTSRB,pixelate,1,0.32898778529261274,0.9205859065716548,0.9204308735890142,0.9236440336625318,0.9205859065716548
efficientnet_b0,GTSRB,pixelate,2,0.34243509662197497,0.9173396674584323,0.9171135123513263,0.9205848487758141,0.9173396674584323
efficientnet_b0,GTSRB,pixelate,3,0.4217804172724081,0.8995249406175772,0.899202882346882,0.9029838368649081,0.8995249406175772
efficientnet_b0,GTSRB,pixelate,4,0.5930306391412966,0.8617577197149644,0.8614916917508258,0.8676141542672495,0.8617577197149644
efficientnet_b0,GTSRB,pixelate,5,0.7554109042184465,0.8237529691211402,0.82321156759573,0.8318205351928099,0.8237529691211402
trialcnn,BTSD,gaussian_noise,1,0.47085963214299953,0.9104183109707972,0.9117280344845492,0.9216245639181554,0.9104183109707972
trialcnn,BTSD,gaussian_noise,2,0.5018780471870253,0.8966061562746646,0.8978828349527583,0.9092368674352111,0.8966061562746646
trialcnn,BTSD,gaussian_noise,3,0.5837283027670754,0.8650355169692187,0.8673300985652022,0.8893280435819757,0.8650355169692187
trialcnn,BTSD,gaussian_noise,4,0.8064207803008118,0.8074191002367798,0.8156979219228273,0.8652038866312391,0.8074191002367798
trialcnn,BTSD,gaussian_noise,5,1.3199813281257227,0.696921862667719,0.7156146918411611,0.8243920139931524,0.696921862667719
trialcnn,BTSD,shot_noise,1,0.45863206666947914,0.9108129439621152,0.912889786347041,0.9221461089985253,0.9108129439621152
trialcnn,BTSD,shot_noise,2,0.4825144401430237,0.9005524861878453,0.9022325830456668,0.9142358869327205,0.9005524861878453
trialcnn,BTSD,shot_noise,3,0.5482221075466701,0.8701657458563536,0.8723835161984937,0.8905096713162179,0.8701657458563536
trialcnn,BTSD,shot_noise,4,0.8225642392836694,0.8018942383583267,0.8079842350337124,0.8571339051410054,0.8018942383583267
trialcnn,BTSD,shot_noise,5,1.223067557990504,0.7202052091554854,0.733726056329313,0.8196219258843263,0.7202052091554854
trialcnn,BTSD,impulse_noise,1,0.47597292712474304,0.9052880820836622,0.9064712141140203,0.914975343966524,0.9052880820836622
trialcnn,BTSD,impulse_noise,2,0.5183012406470368,0.8879242304656669,0.8897644290311976,0.9007931879156096,0.8879242304656669
trialcnn,BTSD,impulse_noise,3,0.5755534557818237,0.8654301499605367,0.8696323660639916,0.8890388790643291,0.8654301499605367
trialcnn,BTSD,impulse_noise,4,0.824002708707537,0.8070244672454617,0.8132438255846868,0.8550323781882524,0.8070244672454617
trialcnn,BTSD,impulse_noise,5,1.2725854879678848,0.7044198895027625,0.7213838520966873,0.8159311213458067,0.7044198895027625
trialcnn,BTSD,defocus_blur,1,0.8046072880489767,0.8602999210734017,0.8605710247936998,0.876361939263122,0.8602999210734017
trialcnn,BTSD,defocus_blur,2,1.2060907424295992,0.7861089187056038,0.7937462962549306,0.8423796635181656,0.7861089187056038
trialcnn,BTSD,defocus_blur,3,2.1996856136592995,0.6199684293606945,0.6385795089700599,0.7792267927053025,0.6199684293606945
trialcnn,BTSD,defocus_blur,4,3.0988684519125704,0.47987371744277824,0.4885358214515113,0.7195426346445484,0.47987371744277824
trialcnn,BTSD,defocus_blur,5,3.8751424836096278,0.3914759273875296,0.38300018736790653,0.6906233515080973,0.3914759273875296
trialcnn,BTSD,jpeg_compression,1,0.4930120940836942,0.914364640883978,0.914814125882972,0.9210689405981902,0.914364640883978
trialcnn,BTSD,jpeg_compression,2,0.5047086967006855,0.9163378058405682,0.9167227073376591,0.9224628350005788,0.9163378058405682
trialcnn,BTSD,jpeg_compression,3,0.5163622026661765,0.9116022099447514,0.9118012764578975,0.9173141090395583,0.9116022099447514
trialcnn,BTSD,jpeg_compression,4,0.5374276597808455,0.9084451460142068,0.9089307414060861,0.9156402949840023,0.9084451460142068
trialcnn,BTSD,jpeg_compression,5,0.5762561343039879,0.8973954222573007,0.8980885548596892,0.9057111594295232,0.8973954222573007
trialcnn,BTSD,motion_blur,1,0.6484375591812495,0.8788476716653513,0.8780022572184911,0.8872300803943144,0.8788476716653513
trialcnn,BTSD,motion_blur,2,1.0246518957586672,0.8074191002367798,0.808897343306801,0.8366209373505997,0.8074191002367798
trialcnn,BTSD,motion_blur,3,1.6694553609711031,0.6791633780584057,0.6828733618313111,0.7611830890104384,0.6791633780584057
trialcnn,BTSD,motion_blur,4,2.4062608639461938,0.5276243093922652,0.5305791639041072,0.6902875732187923,0.5276243093922652
trialcnn,BTSD,motion_blur,5,2.873132020729023,0.4554064719810576,0.4539900608260914,0.6744078944245221,0.4554064719810576
trialcnn,BTSD,zoom_blur,1,0.505112407709918,0.9112075769534334,0.9111799710677482,0.9178321378139636,0.9112075769534334
trialcnn,BTSD,zoom_blur,2,0.530615423689137,0.9052880820836622,0.905062360564686,0.9140281179089896,0.9052880820836622
trialcnn,BTSD,zoom_blur,3,0.56862403735836,0.8962115232833465,0.8959805815787398,0.9082923554016132,0.8962115232833465
trialcnn,BTSD,zoom_blur,4,0.6116085633012189,0.8898973954222573,0.8887444205004429,0.9021612459529399,0.8898973954222573
trialcnn,BTSD,zoom_blur,5,0.6932235513038304,0.8823993685872139,0.88077383408696,0.8957409695392389,0.8823993685872139
trialcnn,BTSD,snow,1,0.8162807452462278,0.8610891870560379,0.8626534838033983,0.8850530435669217,0.8610891870560379
trialcnn,BTSD,snow,2,1.4201973296096218,0.7521704814522494,0.7539154148567924,0.8166963441089075,0.7521704814522494
trialcnn,BTSD,snow,3,1.557062160902919,0.7166535122336227,0.7191102539302402,0.7946473607386548,0.7166535122336227
trialcnn,BTSD,snow,4,2.248321880951771,0.6041831097079716,0.6024153997076465,0.7177074370315846,0.6041831097079716
trialcnn,BTSD,snow,5,2.9149127205996974,0.4940805051302289,0.5068667015182491,0.7096288488299469,0.4940805051302289
trialcnn,BTSD,fog,1,2.771182092796091,0.5,0.5304915209384253,0.7764253101033971,0.5
trialcnn,BTSD,fog,2,3.6350503197408797,0.36187845303867405,0.3897899444811933,0.745587568828698,0.36187845303867405
trialcnn,BTSD,fog,3,4.343322855144763,0.27624309392265195,0.3015409720888133,0.6862598950349099,0.27624309392265195
trialcnn,BTSD,fog,4,4.381343840047329,0.2513812154696133,0.2741595677680651,0.6605572301293888,0.2513812154696133
trialcnn,BTSD,fog,5,4.944533368406469,0.19613259668508287,0.20555107811287934,0.546024277182987,0.19613259668508287
trialcnn,BTSD,frost,1,1.4308417460630518,0.755327545382794,0.7591009373826536,0.8318335299177193,0.755327545382794
trialcnn,BTSD,frost,2,2.9263664774755465,0.5193370165745856,0.5348776605459946,0.7584530401680489,0.5193370165745856
trialcnn,BTSD,frost,3,3.8531539626448947,0.3800315706393054,0.3981912449231325,0.7172003538525601,0.3800315706393054
trialcnn,BTSD,frost,4,3.968895747704871,0.3788476716653512,0.39309495553452234,0.7281661486077913,0.3788476716653512
trialcnn,BTSD,frost,5,4.571616931514845,0.30544593528018943,0.3151269682344957,0.6384779215783365,0.30544593528018943
trialcnn,BTSD,brightness,1,0.5201193589626002,0.9088397790055248,0.9092167175136063,0.9172962098279702,0.9088397790055248
trialcnn,BTSD,brightness,2,0.6566887711481306,0.8855564325177585,0.885939928758413,0.9014293530278227,0.8855564325177585
trialcnn,BTSD,brightness,3,0.8959235916386087,0.8445146014206788,0.8452037631745667,0.8777992291676499,0.8445146014206788
trialcnn,BTSD,brightness,4,1.2240319562504023,0.7865035516969219,0.7894498410131495,0.8563311525511526,0.7865035516969219
trialcnn,BTSD,brightness,5,1.5978151823275655,0.7028413575374901,0.7034074884713397,0.816918063056119,0.7028413575374901
trialcnn,BTSD,contrast,1,1.5676446717464745,0.6838989739542226,0.6862563499824339,0.8009068865707999,0.6838989739542226
trialcnn,BTSD,contrast,2,2.5146607953728703,0.48303078137332284,0.4848182825635329,0.7596749437766204,0.48303078137332284
trialcnn,BTSD,contrast,3,3.9713912589773948,0.2580899763220205,0.20846921280143463,0.627011331187461,0.2580899763220205
trialcnn,BTSD,contrast,4,5.596844503045929,0.1606156274664562,0.07219947595562963,0.14273504611929874,0.1606156274664562
trialcnn,BTSD,contrast,5,6.278330147313432,0.1456195737963694,0.06275643755318944,0.05165185046613492,0.1456195737963694
trialcnn,BTSD,elastic_transform,1,0.5599200686508967,0.898973954222573,0.8990857464989744,0.9069826783451956,0.898973954222573
trialcnn,BTSD,elastic_transform,2,0.616598766717557,0.8851617995264404,0.8845636508583681,0.8937739816244389,0.8851617995264404
trialcnn,BTSD,elastic_transform,3,0.735026785964183,0.8599052880820837,0.8603651802089971,0.8751297369374675,0.8599052880820837
trialcnn,BTSD,elastic_transform,4,0.8638537799455843,0.8334648776637726,0.8346191078559125,0.8564846223883533,0.8334648776637726
trialcnn,BTSD,elastic_transform,5,1.0289237925454962,0.7904498816101027,0.7940087860813835,0.8311632777876727,0.7904498816101027
trialcnn,BTSD,pixelate,1,0.4911544468803677,0.914759273875296,0.9145252324918307,0.9205373949774324,0.914759273875296
trialcnn,BTSD,pixelate,2,0.5019601519971545,0.914364640883978,0.9138710871524927,0.9191978350991153,0.914364640883978
trialcnn,BTSD,pixelate,3,0.5421689555883972,0.9068666140489345,0.9065607651288528,0.912858859441412,0.9068666140489345
trialcnn,BTSD,pixelate,4,0.6393545103430653,0.8875295974743489,0.887406607335599,0.896651585261632,0.8875295974743489
trialcnn,BTSD,pixelate,5,0.7171418122071023,0.8729281767955801,0.8728385580941502,0.8840637671205959,0.8729281767955801
resnet18,BTSD,gaussian_noise,1,0.7800179050960405,0.8650355169692187,0.8688838026089768,0.8881277184297918,0.8650355169692187
resnet18,BTSD,gaussian_noise,2,0.7965267968158978,0.8606945540647198,0.8646289968730236,0.8842338601956093,0.8606945540647198
resnet18,BTSD,gaussian_noise,3,0.8193888524054729,0.8472770323599053,0.8525017014608899,0.8783640969536869,0.8472770323599053
resnet18,BTSD,gaussian_noise,4,0.891815917173896,0.8204419889502762,0.8266340092061667,0.8553349128561808,0.8204419889502762
resnet18,BTSD,gaussian_noise,5,1.0612549469427697,0.7817679558011049,0.7881505452135349,0.8280026154824794,0.7817679558011049
resnet18,BTSD,shot_noise,1,0.7664843658433717,0.8638516179952644,0.8672391870182709,0.8854242527849386,0.8638516179952644
resnet18,BTSD,shot_noise,2,0.7802287469064522,0.8606945540647198,0.8644461052603503,0.8841618044380881,0.8606945540647198
resnet18,BTSD,shot_noise,3,0.8184568808600012,0.851223362273086,0.8542654710892469,0.8753464112969779,0.851223362273086
resnet18,BTSD,shot_noise,4,0.8983886609796284,0.82991318074191,0.8335991474878974,0.8551674322437092,0.82991318074191
resnet18,BTSD,shot_noise,5,0.9821256008690139,0.8042620363062352,0.8063101004952636,0.8301444146622576,0.8042620363062352
resnet18,BTSD,impulse_noise,1,0.7685225316644562,0.8662194159431729,0.870576005670348,0.8895386973100976,0.8662194159431729
resnet18,BTSD,impulse_noise,2,0.8025537500629861,0.8524072612470402,0.8578250761200061,0.8792110121161427,0.8524072612470402
resnet18,BTSD,impulse_noise,3,0.8207867263148126,0.845698500394633,0.8507255889958276,0.8720889832585645,0.845698500394633
resnet18,BTSD,impulse_noise,4,0.904045166043475,0.823993685872139,0.8311238686567706,0.8598555763251223,0.823993685872139
resnet18,BTSD,impulse_noise,5,1.0423829941271607,0.7825572217837411,0.789872714127202,0.8296609274977601,0.7825572217837411
resnet18,BTSD,defocus_blur,1,1.0421684720710025,0.8105761641673244,0.8172137131141045,0.8458199842223958,0.8105761641673244
resnet18,BTSD,defocus_blur,2,1.348151476531868,0.7513812154696132,0.7615924840727802,0.8066354080669866,0.7513812154696132
resnet18,BTSD,defocus_blur,3,2.148865402450501,0.6077348066298343,0.6265728244634531,0.7399959999671737,0.6077348066298343
resnet18,BTSD,defocus_blur,4,2.950173182476197,0.48539857932123126,0.49762507867415456,0.6954068999871766,0.48539857932123126
resnet18,BTSD,defocus_blur,5,3.698658977047891,0.39621152328334647,0.3941332478454475,0.6559426567387945,0.39621152328334647
resnet18,BTSD,jpeg_compression,1,0.7743425194259318,0.8634569850039463,0.8684885212973795,0.8874389027502092,0.8634569850039463
resnet18,BTSD,jpeg_compression,2,0.7707479626716548,0.8654301499605367,0.8700623926073104,0.8878458383366457,0.8654301499605367
resnet18,BTSD,jpeg_compression,3,0.7881188840497264,0.8638516179952644,0.8674682491505895,0.8842805124771879,0.8638516179952644
resnet18,BTSD,jpeg_compression,4,0.8039878695238831,0.8583267561168114,0.863613013562496,0.8823556615852579,0.8583267561168114
resnet18,BTSD,jpeg_compression,5,0.8284970226491072,0.8524072612470402,0.8562274943777156,0.8722845056667616,0.8524072612470402
resnet18,BTSD,motion_blur,1,0.9475033628536005,0.834648776637727,0.83880617533108,0.8618335897875676,0.834648776637727
resnet18,BTSD,motion_blur,2,1.334504271456832,0.745067087608524,0.7476511411850691,0.7868265574963164,0.745067087608524
resnet18,BTSD,motion_blur,3,1.9574723153389055,0.6227308602999211,0.626045120080368,0.707985111018452,0.6227308602999211
resnet18,BTSD,motion_blur,4,2.7799603188235458,0.49013417521704816,0.48627250639387254,0.632122067895885,0.49013417521704816
resnet18,BTSD,motion_blur,5,3.3364451369998394,0.4163378058405683,0.40596424070353615,0.5834719222786423,0.4163378058405683
resnet18,BTSD,zoom_blur,1,0.8005031475234239,0.8681925808997633,0.8720464485393357,0.887630167193956,0.8681925808997633
resnet18,BTSD,zoom_blur,2,0.8221080149828964,0.8650355169692187,0.8690219114190094,0.8849684351393687,0.8650355169692187
resnet18,BTSD,zoom_blur,3,0.8535418866089036,0.8528018942383583,0.8562987308840927,0.8735861789432174,0.8528018942383583
resnet18,BTSD,zoom_blur,4,0.8970529706626778,0.8437253354380426,0.847758525992877,0.8661212466590232,0.8437253354380426
resnet18,BTSD,zoom_blur,5,0.9854707437513753,0.8235990528808208,0.8289461776127592,0.8520067940286662,0.8235990528808208
resnet18,BTSD,snow,1,1.1138841992019195,0.7900552486187845,0.7974796243525079,0.835649728352831,0.7900552486187845
resnet18,BTSD,snow,2,1.72098192852505,0.6744277821625888,0.6710702030333187,0.7413706363269928,0.6744277821625888
resnet18,BTSD,snow,3,1.8756751176778406,0.6306235201262825,0.6319398872958205,0.726924732530861,0.6306235201262825
resnet18,BTSD,snow,4,2.5352884435992404,0.510655090765588,0.5082117582816127,0.6543315189017053,0.510655090765588
resnet18,BTSD,snow,5,2.9645800782454326,0.4222573007103394,0.4203867779446924,0.6199941007578893,0.4222573007103394
resnet18,BTSD,fog,1,3.3203649976259153,0.3749013417521705,0.38269801020398414,0.5818813001760519,0.3749013417521705
resnet18,BTSD,fog,2,4.012763008322411,0.27111286503551696,0.28298666095245145,0.4640458446465408,0.27111286503551696
resnet18,BTSD,fog,3,4.46918051771602,0.22059984214680348,0.226751708365568,0.4528967169807412,0.22059984214680348
resnet18,BTSD,fog,4,4.50168075162591,0.20599842146803474,0.2044027537238681,0.3919751979518649,0.20599842146803474
resnet18,BTSD,fog,5,4.704234286190114,0.17324388318863457,0.17201206056321217,0.3620155391331116,0.17324388318863457
resnet18,BTSD,frost,1,1.7957564870861449,0.680741910023678,0.6792751715541052,0.7733268043623578,0.680741910023678
resnet18,BTSD,frost,2,2.844333239587725,0.4960536700868193,0.49586474638399447,0.7094908771524404,0.4960536700868193
resnet18,BTSD,frost,3,3.496959131349234,0.367008681925809,0.37833242251559673,0.6286569571420428,0.367008681925809
resnet18,BTSD,frost,4,3.589061874428789,0.34806629834254144,0.36316154827703734,0.6491403681004185,0.34806629834254144
resnet18,BTSD,frost,5,3.9733336491197138,0.2900552486187845,0.3117797666035008,0.6262336691835609,0.2900552486187845
resnet18,BTSD,brightness,1,0.8065359173746869,0.850828729281768,0.8561345066223004,0.8742987492521838,0.850828729281768
resnet18,BTSD,brightness,2,0.9547548951741364,0.823993685872139,0.8272483283306576,0.8531432003846848,0.823993685872139
resnet18,BTSD,brightness,3,1.2139404011977029,0.7809786898184689,0.7800483165042026,0.8202437219105551,0.7809786898184689
resnet18,BTSD,brightness,4,1.5198626649972484,0.7146803472770323,0.7073931709510616,0.7811549745494805,0.7146803472770323
resnet18,BTSD,brightness,5,1.8712477548534512,0.6420678768745067,0.6297766863791089,0.7421286813532636,0.6420678768745067
resnet18,BTSD,contrast,1,2.1060612004106214,0.5777426992896606,0.5580828146589439,0.6548342891908493,0.5777426992896606
resnet18,BTSD,contrast,2,2.9385931042111944,0.4171270718232044,0.3811643955032725,0.5283018688159302,0.4171270718232044
resnet18,BTSD,contrast,3,4.188924197804392,0.2261247040252565,0.1727146646383414,0.3539881967040323,0.2261247040252565
resnet18,BTSD,contrast,4,5.621230604898864,0.11917916337805841,0.06924451395228283,0.149427663090516,0.11917916337805841
resnet18,BTSD,contrast,5,6.1884419502192065,0.09510655090765588,0.05061360858292199,0.04198861117914839,0.09510655090765588
resnet18,BTSD,elastic_transform,1,0.8847545655863249,0.8472770323599053,0.8500757746148705,0.86524299048768,0.8472770323599053
resnet18,BTSD,elastic_transform,2,0.9494912598955415,0.8271507498026835,0.8322506416292774,0.852356086123856,0.8271507498026835
resnet18,BTSD,elastic_transform,3,1.0747995755760897,0.803078137332281,0.8083368574960028,0.8305412522523736,0.803078137332281
resnet18,BTSD,elastic_transform,4,1.208819699174509,0.7726913970007893,0.778631729743749,0.8079994733527507,0.7726913970007893
resnet18,BTSD,elastic_transform,5,1.368973693794967,0.7434885556432518,0.751685053691937,0.7849485524187982,0.7434885556432518
resnet18,BTSD,pixelate,1,0.7918028855944771,0.8650355169692187,0.8688640927177624,0.8881318305540872,0.8650355169692187
resnet18,BTSD,pixelate,2,0.808104867669853,0.8610891870560379,0.865293389745495,0.882947888360142,0.8610891870560379
resnet18,BTSD,pixelate,3,0.8435839817762939,0.8547750591949487,0.8595539198335812,0.8779117048690099,0.8547750591949487
resnet18,BTSD,pixelate,4,0.928874368355231,0.840962904498816,0.8452664506554909,0.8655439912687002,0.840962904498816
resnet18,BTSD,pixelate,5,0.9998058709650408,0.823993685872139,0.8302851637690397,0.8573290923652479,0.823993685872139
mobilenet_v2,BTSD,gaussian_noise,1,2.637291102307748,0.34885556432517756,0.37799478099727407,0.4559466947430716,0.34885556432517756
mobilenet_v2,BTSD,gaussian_noise,2,2.7291593474483715,0.3354380426203631,0.3600347195612487,0.4318070842600128,0.3354380426203631
mobilenet_v2,BTSD,gaussian_noise,3,2.8541931857626177,0.3271507498026835,0.35230473674491813,0.43292789985085245,0.3271507498026835
mobilenet_v2,BTSD,gaussian_noise,4,3.0601831984124788,0.27584846093133386,0.29444926969765967,0.3841911120512696,0.27584846093133386
mobilenet_v2,BTSD,gaussian_noise,5,3.5147960684670174,0.21744277821625888,0.22696485316233397,0.33536031060505433,0.21744277821625888
mobilenet_v2,BTSD,shot_noise,1,2.6162835975848697,0.36029992107340175,0.3883416753743724,0.4644121960889803,0.36029992107340175
mobilenet_v2,BTSD,shot_noise,2,2.6975150215597536,0.3610891870560379,0.3884219023682631,0.4630135692089229,0.3610891870560379
mobilenet_v2,BTSD,shot_noise,3,2.829837808481049,0.31846882399368587,0.3464782835826995,0.4300914126729795,0.31846882399368587
mobilenet_v2,BTSD,shot_noise,4,3.1029576773519296,0.2896606156274665,0.3170416980093088,0.3953609906518479,0.2896606156274665
mobilenet_v2,BTSD,shot_noise,5,3.240263585321717,0.244672454617206,0.2682303472217043,0.35047672275632863,0.244672454617206
mobilenet_v2,BTSD,impulse_noise,1,2.737353055234396,0.34925019731649565,0.3762870555358214,0.44628843315194244,0.34925019731649565
mobilenet_v2,BTSD,impulse_noise,2,2.7930358478001187,0.32636148382004737,0.3531728151160748,0.4273013708348827,0.32636148382004737
mobilenet_v2,BTSD,impulse_noise,3,2.9603760519080398,0.30662983425414364,0.3312218619582166,0.4122345327478646,0.30662983425414364
mobilenet_v2,BTSD,impulse_noise,4,3.163519462075117,0.27032359905288084,0.28877491789712734,0.380256205948359,0.27032359905288084
mobilenet_v2,BTSD,impulse_noise,5,3.466189049884101,0.21902131018153118,0.23193242300786954,0.3392753946269822,0.21902131018153118
mobilenet_v2,BTSD,defocus_blur,1,2.752802172512545,0.3354380426203631,0.34569845307210273,0.4542650286836841,0.3354380426203631
mobilenet_v2,BTSD,defocus_blur,2,2.943982184356653,0.31925808997632205,0.3180965316392975,0.44287712874477053,0.31925808997632205
mobilenet_v2,BTSD,defocus_blur,3,3.3453248621632756,0.27426992896606156,0.2528673307102219,0.39966467428682884,0.27426992896606156
mobilenet_v2,BTSD,defocus_blur,4,3.6130160039677426,0.22691397000789265,0.19147158465280428,0.3259811096354784,0.22691397000789265
mobilenet_v2,BTSD,defocus_blur,5,3.8146349124863286,0.19021310181531176,0.15413042593118254,0.2797379967288252,0.19021310181531176
mobilenet_v2,BTSD,jpeg_compression,1,2.622054912579182,0.3606945540647198,0.3870647389931632,0.46023322179029685,0.3606945540647198
mobilenet_v2,BTSD,jpeg_compression,2,2.634447415418858,0.35911602209944754,0.38540687207552354,0.46581547624071495,0.35911602209944754
mobilenet_v2,BTSD,jpeg_compression,3,2.6406847068241666,0.3500394632991318,0.3784007740220969,0.45377871763859745,0.3500394632991318
mobilenet_v2,BTSD,jpeg_compression,4,2.7401723545559205,0.3409629044988161,0.36709185963124064,0.4428575692754067,0.3409629044988161
mobilenet_v2,BTSD,jpeg_compression,5,2.787505804504479,0.32044198895027626,0.34258782015547656,0.41415686061847484,0.32044198895027626
mobilenet_v2,BTSD,motion_blur,1,2.8284549780878008,0.3366219415943173,0.3450179406547459,0.4336334472232996,0.3366219415943173
mobilenet_v2,BTSD,motion_blur,2,3.05782408176112,0.2955801104972376,0.2920300416865636,0.4308551512379117,0.2955801104972376
mobilenet_v2,BTSD,motion_blur,3,3.439274359991349,0.24427782162588793,0.22846003342518525,0.36580526820430315,0.24427782162588793
mobilenet_v2,BTSD,motion_blur,4,3.6344692818085416,0.20205209155485399,0.17724018832239286,0.3485117491569283,0.20205209155485399
mobilenet_v2,BTSD,motion_blur,5,3.907193982892838,0.17837411207576953,0.1485270544037852,0.2657991013813888,0.17837411207576953
mobilenet_v2,BTSD,zoom_blur,1,2.6264621251760363,0.35832675611681136,0.38387427953736447,0.47220473183445627,0.35832675611681136
mobilenet_v2,BTSD,zoom_blur,2,2.689889740360564,0.3654301499605367,0.3823139309341436,0.4598474185618654,0.3654301499605367
mobilenet_v2,BTSD,zoom_blur,3,2.8041153674814394,0.3453038674033149,0.355706952495173,0.4475052412427494,0.3453038674033149
mobilenet_v2,BTSD,zoom_blur,4,2.909259464200689,0.32478295185477507,0.3325000362703291,0.44902587999647237,0.32478295185477507
mobilenet_v2,BTSD,zoom_blur,5,3.1139033121110513,0.287292817679558,0.28602643870379024,0.40037118605678723,0.287292817679558
mobilenet_v2,BTSD,snow,1,3.082262501344026,0.2801894238358327,0.28855330951378405,0.4114536249462659,0.2801894238358327
mobilenet_v2,BTSD,snow,2,3.856024112490659,0.1803472770323599,0.16352597790300424,0.34897301747906806,0.1803472770323599
mobilenet_v2,BTSD,snow,3,3.9299130575244785,0.1685082872928177,0.15530063492244606,0.33367070410947314,0.1685082872928177
mobilenet_v2,BTSD,snow,4,4.405944532546455,0.11404893449092345,0.09905632626821308,0.27606570232412403,0.11404893449092345
mobilenet_v2,BTSD,snow,5,4.802535266695572,0.07221783741120757,0.05001312154553752,0.2223235873295962,0.07221783741120757
mobilenet_v2,BTSD,fog,1,4.178620628983182,0.13338595106550907,0.10357113270603283,0.24712449203317233,0.13338595106550907
mobilenet_v2,BTSD,fog,2,4.476975981795891,0.09668508287292818,0.06507616849888528,0.16301043946932717,0.09668508287292818
mobilenet_v2,BTSD,fog,3,4.562241143660933,0.10063141278610892,0.07061463245626093,0.2674004662772971,0.10063141278610892
mobilenet_v2,BTSD,fog,4,4.54773777154081,0.09826361483820048,0.06998782711922816,0.24943727110053784,0.09826361483820048
mobilenet_v2,BTSD,fog,5,4.652351266489127,0.09116022099447514,0.061615773240853204,0.2349178780386958,0.09116022099447514
mobilenet_v2,BTSD,frost,1,3.91723752567499,0.19376479873717442,0.1763379438218632,0.39105602978817583,0.19376479873717442
mobilenet_v2,BTSD,frost,2,4.7098149489302665,0.1132596685082873,0.09577546735124436,0.2875207211058971,0.1132596685082873
mobilenet_v2,BTSD,frost,3,4.977264625215116,0.0856353591160221,0.06478801624944236,0.16417988832758085,0.0856353591160221
mobilenet_v2,BTSD,frost,4,5.125674253386969,0.08011049723756906,0.06327663364372117,0.27069868435065986,0.08011049723756906
mobilenet_v2,BTSD,frost,5,5.199221652045246,0.0749802683504341,0.058338885737287474,0.2943787262004648,0.0749802683504341
mobilenet_v2,BTSD,brightness,1,2.618676223807572,0.3737174427782163,0.39650889050275384,0.48769262830527826,0.3737174427782163
mobilenet_v2,BTSD,brightness,2,2.759376418618772,0.34767166535122335,0.3637046113443015,0.4734403741249972,0.34767166535122335
mobilenet_v2,BTSD,brightness,3,2.9396166679138447,0.29873717442778214,0.30707979720340245,0.44356092090087096,0.29873717442778214
mobilenet_v2,BTSD,brightness,4,3.1825483453113823,0.2478295185477506,0.2523568975361341,0.41411866988716245,0.2478295185477506
mobilenet_v2,BTSD,brightness,5,3.410501812044428,0.21033938437253355,0.21285273790206163,0.39090916169995416,0.21033938437253355
mobilenet_v2,BTSD,contrast,1,3.6001075595593774,0.1882399368587214,0.14809820734615706,0.32950208638981504,0.1882399368587214
mobilenet_v2,BTSD,contrast,2,3.9074250347706494,0.16140489344909234,0.11870187497605031,0.298651813096967,0.16140489344909234
mobilenet_v2,BTSD,contrast,3,4.234803369878875,0.13575374901341752,0.08579116175298104,0.10040789754931918,0.13575374901341752
mobilenet_v2,BTSD,contrast,4,4.532369938438674,0.1101026045777427,0.06558900949724072,0.08531082416182735,0.1101026045777427
mobilenet_v2,BTSD,contrast,5,4.6954152811768495,0.09431728492501973,0.054879960788901096,0.08568100814062538,0.09431728492501973
mobilenet_v2,BTSD,elastic_transform,1,2.716769368609012,0.3318863456985004,0.35586884110106753,0.4434663755626825,0.3318863456985004
mobilenet_v2,BTSD,elastic_transform,2,2.818901421615432,0.32202052091554856,0.33958277169377465,0.42946290728312053,0.32202052091554856
mobilenet_v2,BTSD,elastic_transform,3,2.898622080954211,0.3042620363062352,0.3175801427725657,0.4215135980110622,0.3042620363062352
mobilenet_v2,BTSD,elastic_transform,4,2.977622344725322,0.2959747434885556,0.3066557613671436,0.40928025068557455,0.2959747434885556
mobilenet_v2,BTSD,elastic_transform,5,3.1687650080261593,0.27071823204419887,0.26975426480313663,0.36123333286859105,0.27071823204419887
mobilenet_v2,BTSD,pixelate,1,2.5948661026657334,0.3666140489344909,0.39262524267845483,0.47727566681990835,0.3666140489344909
mobilenet_v2,BTSD,pixelate,2,2.595079888296391,0.3638516179952644,0.38810897185900567,0.46589236279435325,0.3638516179952644
mobilenet_v2,BTSD,pixelate,3,2.6473504096951745,0.35438042620363064,0.3771136375923582,0.4663165150144937,0.35438042620363064
mobilenet_v2,BTSD,pixelate,4,2.716274047518868,0.32991318074191,0.34688660250733566,0.45508122027491227,0.32991318074191
mobilenet_v2,BTSD,pixelate,5,2.8160887088188526,0.3255722178374112,0.33554225519703096,0.4246958782854531,0.3255722178374112
efficientnet_b0,BTSD,gaussian_noise,1,2.191365115926693,0.4605367008681926,0.5022116436336262,0.6072171896286616,0.4605367008681926
efficientnet_b0,BTSD,gaussian_noise,2,2.2589295495657256,0.46408839779005523,0.5081310733224412,0.6081805847610489,0.46408839779005523
efficientnet_b0,BTSD,gaussian_noise,3,2.3470360451828522,0.42580899763220204,0.4683377219286265,0.568478223509072,0.42580899763220204
efficientnet_b0,BTSD,gaussian_noise,4,2.4661900681026734,0.39621152328334647,0.43340469451373925,0.5460711675434057,0.39621152328334647
efficientnet_b0,BTSD,gaussian_noise,5,2.8615410802114076,0.3208366219415943,0.35241388330927736,0.4764953317628793,0.3208366219415943
efficientnet_b0,BTSD,shot_noise,1,2.1703698533486455,0.4636937647987372,0.509099666584074,0.6197260889127565,0.4636937647987372
efficientnet_b0,BTSD,shot_noise,2,2.199942986233176,0.45501183898973957,0.4941894295710335,0.5964709478038804,0.45501183898973957
efficientnet_b0,BTSD,shot_noise,3,2.294520567982048,0.44277821625887925,0.4876614362595104,0.6012979167897056,0.44277821625887925
efficientnet_b0,BTSD,shot_noise,4,2.4635309412804944,0.3737174427782163,0.4186264484384665,0.5449339495772241,0.3737174427782163
efficientnet_b0,BTSD,shot_noise,5,2.789136832778437,0.3259668508287293,0.370032800950888,0.49946282993721774,0.3259668508287293
efficientnet_b0,BTSD,impulse_noise,1,2.2311602141222995,0.46882399368587213,0.5123148620097758,0.6165676723615519,0.46882399368587213
efficientnet_b0,BTSD,impulse_noise,2,2.2359748932914463,0.44909234411996846,0.49131205661198674,0.5982814269044084,0.44909234411996846
efficientnet_b0,BTSD,impulse_noise,3,2.344094962704906,0.4281767955801105,0.47012524591196003,0.5735267723656763,0.4281767955801105
efficientnet_b0,BTSD,impulse_noise,4,2.5255525898726416,0.38634569850039463,0.4246925199006368,0.532081151838591,0.38634569850039463
efficientnet_b0,BTSD,impulse_noise,5,2.916345630185098,0.31570639305445936,0.3509203896681114,0.47485077624903405,0.31570639305445936
efficientnet_b0,BTSD,defocus_blur,1,2.1122539498811643,0.48105761641673245,0.5189045642999224,0.6232659533506316,0.48105761641673245
efficientnet_b0,BTSD,defocus_blur,2,2.1861759598272092,0.4561957379636938,0.48869342428261386,0.602508783107139,0.4561957379636938
efficientnet_b0,BTSD,defocus_blur,3,2.391094464623467,0.4123914759273875,0.42790605548938176,0.5639870725859876,0.4123914759273875
efficientnet_b0,BTSD,defocus_blur,4,2.5696265204458983,0.3741120757695343,0.37693826070024744,0.5385509056561985,0.3741120757695343
efficientnet_b0,BTSD,defocus_blur,5,2.7634535524538397,0.3275453827940016,0.313553688561454,0.49067480469984254,0.3275453827940016
efficientnet_b0,BTSD,jpeg_compression,1,2.1830560875014235,0.4648776637726914,0.5067555785794312,0.6110378379382723,0.4648776637726914
efficientnet_b0,BTSD,jpeg_compression,2,2.1997240784606693,0.4648776637726914,0.5046502247389627,0.6114722888006972,0.4648776637726914
efficientnet_b0,BTSD,jpeg_compression,3,2.1667427186807875,0.47040252565114443,0.5138358816586597,0.6192127215882955,0.47040252565114443
efficientnet_b0,BTSD,jpeg_compression,4,2.2272650128570053,0.45343330702446727,0.49597626388503135,0.606992242261874,0.45343330702446727
efficientnet_b0,BTSD,jpeg_compression,5,2.301108926887482,0.43606945540647196,0.47950742849086925,0.5936463255098599,0.43606945540647196
efficientnet_b0,BTSD,motion_blur,1,2.242439799169527,0.4479084451460142,0.4815673120276779,0.587820069518574,0.4479084451460142
efficientnet_b0,BTSD,motion_blur,2,2.4379068881202706,0.39621152328334647,0.4197403235908039,0.557378334569227,0.39621152328334647
efficientnet_b0,BTSD,motion_blur,3,2.7523766572586457,0.3393843725335438,0.3480308450848315,0.5053904030537212,0.3393843725335438
efficientnet_b0,BTSD,motion_blur,4,3.0721634576521994,0.2868981846882399,0.27696602816101246,0.43430738767784516,0.2868981846882399
efficientnet_b0,BTSD,motion_blur,5,3.1925326771122693,0.27269139700078926,0.25966322168793177,0.4194121201970373,0.27269139700078926
efficientnet_b0,BTSD,zoom_blur,1,2.1236840956024796,0.4889502762430939,0.5282063711179862,0.6290658396965855,0.4889502762430939
efficientnet_b0,BTSD,zoom_blur,2,2.129147147793608,0.47592738752959746,0.5145144080182467,0.6199650104514653,0.47592738752959746
efficientnet_b0,BTSD,zoom_blur,3,2.169982592515712,0.46566692975532753,0.5037344377908379,0.6090344731663626,0.46566692975532753
efficientnet_b0,BTSD,zoom_blur,4,2.213668549258406,0.4498816101026046,0.48774803522449295,0.5973527994513713,0.4498816101026046
efficientnet_b0,BTSD,zoom_blur,5,2.2738232232495004,0.4230465666929755,0.4597791227715132,0.5795677678287172,0.4230465666929755
efficientnet_b0,BTSD,snow,1,2.592906402054977,0.3756906077348066,0.4024306828594476,0.5119118000401608,0.3756906077348066
efficientnet_b0,BTSD,snow,2,3.421554302360095,0.24704025256511444,0.2529274235409426,0.4332056099036688,0.24704025256511444
efficientnet_b0,BTSD,snow,3,3.5634638587602407,0.23441199684293607,0.23432005507917766,0.40687307133779227,0.23441199684293607
efficientnet_b0,BTSD,snow,4,4.156702445450973,0.17916337805840568,0.1642598063680014,0.375624604623158,0.17916337805840568
efficientnet_b0,BTSD,snow,5,4.780208772434996,0.11878453038674033,0.10702632009482435,0.269709676919274,0.11878453038674033
efficientnet_b0,BTSD,fog,1,3.181210472344788,0.23717442778216258,0.21277865867720172,0.4475310323470264,0.23717442778216258
efficientnet_b0,BTSD,fog,2,3.585245158414532,0.19376479873717442,0.15616469970222946,0.3600632920186995,0.19376479873717442
efficientnet_b0,BTSD,fog,3,3.8898735486717797,0.1511444356748224,0.11355883551613138,0.34371280216264405,0.1511444356748224
efficientnet_b0,BTSD,fog,4,3.9325425957918356,0.16179952644041043,0.1227042465641708,0.39901568415784316,0.16179952644041043
efficientnet_b0,BTSD,fog,5,4.199966266951226,0.12786108918705605,0.09036109970570418,0.2802656835707173,0.12786108918705605
efficientnet_b0,BTSD,frost,1,3.208594024510673,0.30386740331491713,0.3207008956715159,0.4869915504465381,0.30386740331491713
efficientnet_b0,BTSD,frost,2,4.138281838011347,0.16179952644041043,0.16244075498031238,0.3965164228682473,0.16179952644041043
efficientnet_b0,BTSD,frost,3,4.636195023980024,0.12115232833464877,0.11932427757253225,0.32786426154276593,0.12115232833464877
efficientnet_b0,BTSD,frost,4,4.604434113852509,0.12312549329123915,0.1182392718183584,0.3040825063349437,0.12312549329123915
efficientnet_b0,BTSD,frost,5,4.91830621446882,0.1085240726124704,0.10651078089531854,0.37242929893898763,0.1085240726124704
efficientnet_b0,BTSD,brightness,1,2.239865753908466,0.48145224940805054,0.520753919829676,0.611838824043921,0.48145224940805054
efficientnet_b0,BTSD,brightness,2,2.3866138059319524,0.43488555643251775,0.47194725469689647,0.5687427420755694,0.43488555643251775
efficientnet_b0,BTSD,brightness,3,2.629469020966949,0.38161010260457773,0.4150588793674157,0.5278895181361516,0.38161010260457773
efficientnet_b0,BTSD,brightness,4,3.0174860769872507,0.3208366219415943,0.3487328698772877,0.4878357151888051,0.3208366219415943
efficientnet_b0,BTSD,brightness,5,3.3094356020511184,0.2691397000789266,0.2871414505354965,0.4373756282867784,0.2691397000789266
efficientnet_b0,BTSD,contrast,1,2.5856235394255798,0.3409629044988161,0.3341049453543196,0.47246138635142987,0.3409629044988161
efficientnet_b0,BTSD,contrast,2,2.878788180302332,0.2675611681136543,0.2344812823251911,0.4287360515526402,0.2675611681136543
efficientnet_b0,BTSD,contrast,3,3.2867867703878137,0.20757695343330704,0.15151776031441433,0.3711734087459834,0.20757695343330704
efficientnet_b0,BTSD,contrast,4,3.7838754793180662,0.1606156274664562,0.10685399526549993,0.12221808135474072,0.1606156274664562
efficientnet_b0,BTSD,contrast,5,4.042452468586044,0.13062352012628256,0.08485669597579894,0.10680923189480732,0.13062352012628256
efficientnet_b0,BTSD,elastic_transform,1,2.1901204089245274,0.4561957379636938,0.495082573797547,0.6119475218604313,0.4561957379636938
efficientnet_b0,BTSD,elastic_transform,2,2.2625928137748375,0.4404104183109708,0.48018668604624987,0.5927718404180593,0.4404104183109708
efficientnet_b0,BTSD,elastic_transform,3,2.3206174134643605,0.42423046566692973,0.45984628520208026,0.5788444891147749,0.42423046566692973
efficientnet_b0,BTSD,elastic_transform,4,2.381166467162315,0.39581689029202843,0.4263109794775251,0.5467319659665691,0.39581689029202843
efficientnet_b0,BTSD,elastic_transform,5,2.4401255018991472,0.38476716653512233,0.4139579050548845,0.5367593222308512,0.38476716653512233
efficientnet_b0,BTSD,pixelate,1,2.1374827688287916,0.4861878453038674,0.5268926398036118,0.6310598416305491,0.4861878453038674
efficientnet_b0,BTSD,pixelate,2,2.137974333744305,0.48145224940805054,0.5207883163588708,0.6202559072312717,0.48145224940805054
efficientnet_b0,BTSD,pixelate,3,2.132811869799667,0.4861878453038674,0.5247586170313612,0.627641706107474,0.4861878453038674
efficientnet_b0,BTSD,pixelate,4,2.1604442252074065,0.47316495659037094,0.5124924011768787,0.6220921168692063,0.47316495659037094
efficientnet_b0,BTSD,pixelate,5,2.1696097589235372,0.4636937647987372,0.501402860212545,0.609896190311564,0.4636937647987372
trialcnn,CTSD,gaussian_noise,1,0.007743928734808315,1.0,1.0,1.0,1.0
trialcnn,CTSD,gaussian_noise,2,0.015411372297267457,0.9959448499594485,0.9959145753856177,0.9960664550957673,0.9959448499594485
trialcnn,CTSD,gaussian_noise,3,0.04458160367428,0.9870235198702352,0.9869552259116634,0.9876007593634394,0.9870235198702352
trialcnn,CTSD,gaussian_noise,4,0.1493092839034321,0.9529602595296026,0.9542245664580281,0.9628594534272747,0.9529602595296026
trialcnn,CTSD,gaussian_noise,5,0.5003107139615633,0.8710462287104623,0.8776938008442859,0.9167475668874998,0.8710462287104623
trialcnn,CTSD,shot_noise,1,0.006481481608779858,0.9991889699918897,0.99918641831609,0.9992051905920519,0.9991889699918897
trialcnn,CTSD,shot_noise,2,0.009261369408355287,0.9983779399837794,0.9983731725807924,0.9984057467269146,0.9983779399837794
trialcnn,CTSD,shot_noise,3,0.023203705622537388,0.9943227899432279,0.9942743918627618,0.9945859296788027,0.9943227899432279
trialcnn,CTSD,shot_noise,4,0.14335163195057796,0.9626926196269262,0.9628713832310861,0.9688379983294731,0.9626926196269262
trialcnn,CTSD,shot_noise,5,0.3520644290458837,0.9091646390916464,0.9131973782908676,0.9387140531936415,0.9091646390916464
trialcnn,CTSD,impulse_noise,1,0.009504415375835414,0.9983779399837794,0.998367126250338,0.9984415501804939,0.9983779399837794
trialcnn,CTSD,impulse_noise,2,0.018754831644414115,0.9951338199513382,0.9950848888262481,0.9953634886072131,0.9951338199513382
trialcnn,CTSD,impulse_noise,3,0.04749909334567535,0.9821573398215734,0.9820106695606364,0.983677517034108,0.9821573398215734
trialcnn,CTSD,impulse_noise,4,0.15981931911912858,0.9545823195458232,0.9556728694872338,0.9634802612403045,0.9545823195458232
trialcnn,CTSD,impulse_noise,5,0.4098471869855805,0.9002433090024331,0.9048976838238194,0.9322935833549066,0.9002433090024331
trialcnn,CTSD,defocus_blur,1,0.04984555246621153,0.9845904298459043,0.9859394598253148,0.9892703805826626,0.9845904298459043
trialcnn,CTSD,defocus_blur,2,0.15788150012541474,0.9424168694241687,0.946096809903459,0.9605475397881944,0.9424168694241687
trialcnn,CTSD,defocus_blur,3,0.6999452335507717,0.819140308191403,0.8359110457671395,0.8988381248456566,0.819140308191403
trialcnn,CTSD,defocus_blur,4,1.3381382525692311,0.6747769667477697,0.7136146313976809,0.8525462518396535,0.6747769667477697
trialcnn,CTSD,defocus_blur,5,2.065342890375142,0.5239253852392538,0.5708026145342746,0.7804801558664632,0.5239253852392538
trialcnn,CTSD,jpeg_compression,1,0.007122218346378833,1.0,1.0,1.0,1.0
trialcnn,CTSD,jpeg_compression,2,0.007887541788153573,1.0,1.0,1.0,1.0
trialcnn,CTSD,jpeg_compression,3,0.009781120446966078,1.0,1.0,1.0,1.0
trialcnn,CTSD,jpeg_compression,4,0.01599674637218679,0.9991889699918897,0.9991725771277313,0.9992005561348627,0.9991889699918897
trialcnn,CTSD,jpeg_compression,5,0.02663940492192614,0.9894566098945661,0.9897141856011107,0.9908914000512684,0.9894566098945661
trialcnn,CTSD,motion_blur,1,0.042454306975865115,0.9894566098945661,0.9894274743257662,0.9903510003005447,0.9894566098945661
trialcnn,CTSD,motion_blur,2,0.1587990943556961,0.943227899432279,0.9434530455718182,0.9518563486008756,0.943227899432279
trialcnn,CTSD,motion_blur,3,0.5329516498615176,0.8069748580697486,0.8120225505330989,0.8732932105477539,0.8069748580697486
trialcnn,CTSD,motion_blur,4,1.2931160980960943,0.6666666666666666,0.6684957055087196,0.7949706373872921,0.6666666666666666
trialcnn,CTSD,motion_blur,5,1.79090251520409,0.5450121654501217,0.5557135384254285,0.7274830123804699,0.5450121654501217
trialcnn,CTSD,zoom_blur,1,0.010548111543418887,0.9983779399837794,0.998396983574615,0.998486077318194,0.9983779399837794
trialcnn,CTSD,zoom_blur,2,0.033325176211323256,0.9951338199513382,0.9947655482261799,0.994677106176364,0.9951338199513382
trialcnn,CTSD,zoom_blur,3,0.11946180448712537,0.9943227899432279,0.993822263924181,0.9938776623112265,0.9943227899432279
trialcnn,CTSD,zoom_blur,4,0.19673868009234444,0.9886455798864558,0.9875899865859554,0.9871574798693428,0.9886455798864558
trialcnn,CTSD,zoom_blur,5,0.2983936471645535,0.9562043795620438,0.9598125555532986,0.9743952120093405,0.9562043795620438
trialcnn,CTSD,snow,1,0.035490613219245896,0.9935117599351176,0.9934612977537743,0.9938691479759038,0.9935117599351176
trialcnn,CTSD,snow,2,0.16124682217256286,0.9626926196269262,0.9629753687703758,0.9672007025811913,0.9626926196269262
trialcnn,CTSD,snow,3,0.21201580584605148,0.9399837793998378,0.9396516330144039,0.946717741434832,0.9399837793998378
trialcnn,CTSD,snow,4,0.6354165976354965,0.851581508515815,0.8555206728405286,0.888115257324954,0.851581508515815
trialcnn,CTSD,snow,5,0.9848458171374219,0.740470397404704,0.7484789944090963,0.8578195898137919,0.740470397404704
trialcnn,CTSD,fog,1,1.568106097703239,0.5969180859691808,0.6409883294461145,0.837011728270344,0.5969180859691808
trialcnn,CTSD,fog,2,2.4194895014565647,0.43471208434712083,0.4771850667851238,0.7806573070856573,0.43471208434712083
trialcnn,CTSD,fog,3,3.0389328525014165,0.3219789132197891,0.34557142422238624,0.7111371442914051,0.3219789132197891
trialcnn,CTSD,fog,4,3.216226113683696,0.28386050283860503,0.2970522808730248,0.6313849775685292,0.28386050283860503
trialcnn,CTSD,fog,5,3.8208514079753693,0.22141119221411193,0.2259712164023003,0.5708414481144327,0.22141119221411193
trialcnn,CTSD,frost,1,0.1637271278887528,0.9521492295214923,0.9561441260023898,0.967751661018437,0.9521492295214923
trialcnn,CTSD,frost,2,0.8161872346905896,0.7721005677210057,0.7898582685487369,0.879509722502352,0.7721005677210057
trialcnn,CTSD,frost,3,1.4888129243982196,0.6090835360908353,0.6239543256947876,0.8322755062234104,0.6090835360908353
trialcnn,CTSD,frost,4,1.6566440641444966,0.5612327656123277,0.5816824492653662,0.8031880252177123,0.5612327656123277
trialcnn,CTSD,frost,5,2.1570449786174617,0.48499594484995945,0.49667904337093166,0.8053982720673402,0.48499594484995945
trialcnn,CTSD,brightness,1,0.006515576444877446,1.0,1.0,1.0,1.0
trialcnn,CTSD,brightness,2,0.021131895768810412,0.9935117599351176,0.9935463386553626,0.9940692316604726,0.9935117599351176
trialcnn,CTSD,brightness,3,0.06105018150596143,0.9789132197891321,0.9808027428557647,0.9852476822583315,0.9789132197891321
trialcnn,CTSD,brightness,4,0.1906690256729033,0.9464720194647201,0.9554839274318767,0.9739058046172736,0.9464720194647201
trialcnn,CTSD,brightness,5,0.5337424835391095,0.8386050283860503,0.8621951089735219,0.9345255873729978,0.8386050283860503
trialcnn,CTSD,contrast,1,0.6734663102555256,0.8264395782643957,0.8334041933638162,0.9228489733290787,0.8264395782643957
trialcnn,CTSD,contrast,2,1.7465321957726645,0.5952960259529603,0.5967297164615051,0.755157195722526,0.5952960259529603
trialcnn,CTSD,contrast,3,3.3464466545123543,0.2871046228710462,0.29026335282793125,0.46586295637414243,0.2871046228710462
trialcnn,CTSD,contrast,4,4.853551242763398,0.09570154095701541,0.09661403956716373,0.15077669942735658,0.09570154095701541
trialcnn,CTSD,contrast,5,5.393354494786321,0.06731549067315491,0.06973663730189855,0.1106782852334069,0.06731549067315491
trialcnn,CTSD,elastic_transform,1,0.01900653052540301,0.9967558799675588,0.9967534453235063,0.9968015717990016,0.9967558799675588
trialcnn,CTSD,elastic_transform,2,0.04453460728962636,0.9829683698296837,0.982744972581506,0.985005590002349,0.9829683698296837
trialcnn,CTSD,elastic_transform,3,0.10542121452233313,0.967558799675588,0.9669527701928761,0.9700798024754759,0.967558799675588
trialcnn,CTSD,elastic_transform,4,0.17521320137180937,0.9399837793998378,0.9382532765263605,0.9459598728769205,0.9399837793998378
trialcnn,CTSD,elastic_transform,5,0.30796747553764275,0.9083536090835361,0.9077594554581323,0.9254630281878623,0.9083536090835361
trialcnn,CTSD,pixelate,1,0.0060331026033255885,1.0,1.0,1.0,1.0
trialcnn,CTSD,pixelate,2,0.006984844906535075,1.0,1.0,1.0,1.0
trialcnn,CTSD,pixelate,3,0.015293128613234534,0.9951338199513382,0.9951240065407756,0.9954511603664613,0.9951338199513382
trialcnn,CTSD,pixelate,4,0.029702101534252137,0.9894566098945661,0.9894056207615589,0.9903288843530783,0.9894566098945661
trialcnn,CTSD,pixelate,5,0.05060070318027134,0.9797242497972425,0.9799381658978868,0.9823951388631845,0.9797242497972425
resnet18,CTSD,gaussian_noise,1,0.020917294075635518,0.9959448499594485,0.9959373254378082,0.9962615923476735,0.9959448499594485
resnet18,CTSD,gaussian_noise,2,0.022295910058375404,0.9943227899432279,0.9943206814730783,0.9947008101542878,0.9943227899432279
resnet18,CTSD,gaussian_noise,3,0.03595816188726789,0.9870235198702352,0.9874167082937353,0.9887206163992048,0.9870235198702352
resnet18,CTSD,gaussian_noise,4,0.07607075987747793,0.9732360097323601,0.9735334195863378,0.9755796250836867,0.9732360097323601
resnet18,CTSD,gaussian_noise,5,0.23089843297140056,0.9213300892133008,0.9213115395840087,0.9292118302756727,0.9213300892133008
resnet18,CTSD,shot_noise,1,0.018787621934380796,0.9951338199513382,0.9955336023834082,0.9962882170701619,0.9951338199513382
resnet18,CTSD,shot_noise,2,0.02078017154791591,0.9951338199513382,0.9951223489713926,0.9954800543398581,0.9951338199513382
resnet18,CTSD,shot_noise,3,0.032565691915475925,0.9910786699107867,0.9911298373731807,0.9919299373697041,0.9910786699107867
resnet18,CTSD,shot_noise,4,0.06031343383776494,0.9854014598540146,0.9858413746252154,0.9874162199497576,0.9854014598540146
resnet18,CTSD,shot_noise,5,0.09611212114734757,0.9740470397404704,0.974618863035056,0.976904651482201,0.9740470397404704
resnet18,CTSD,impulse_noise,1,0.021830458885900197,0.9943227899432279,0.9947215353851329,0.9954934076622138,0.9943227899432279
resnet18,CTSD,impulse_noise,2,0.0268903413012515,0.9935117599351176,0.9935259453191169,0.9940154660831069,0.9935117599351176
resnet18,CTSD,impulse_noise,3,0.032394282084746956,0.9927007299270073,0.9927174657948633,0.9932623667898617,0.9927007299270073
resnet18,CTSD,impulse_noise,4,0.07519519602198574,0.9764801297648013,0.9765113329360967,0.9784859232184969,0.9764801297648013
resnet18,CTSD,impulse_noise,5,0.20102393209015754,0.9310624493106245,0.9314743662044938,0.9389950426088638,0.9310624493106245
resnet18,CTSD,defocus_blur,1,0.05334775656195839,0.9748580697485807,0.9759721961712575,0.9794409057486221,0.9748580697485807
resnet18,CTSD,defocus_blur,2,0.13609540820218446,0.9359286293592863,0.9422110306819598,0.9594529118566301,0.9359286293592863
resnet18,CTSD,defocus_blur,3,0.5274787238721237,0.8410381184103812,0.8505878841926092,0.8939446186426604,0.8410381184103812
resnet18,CTSD,defocus_blur,4,1.072621704018029,0.7112733171127331,0.7328790720193824,0.8387987851026252,0.7112733171127331
resnet18,CTSD,defocus_blur,5,1.7795916309418567,0.570154095701541,0.5996301826712177,0.7779901007228248,0.570154095701541
resnet18,CTSD,jpeg_compression,1,0.020315022980499732,0.9959448499594485,0.9963381793498628,0.9970541898555993,0.9959448499594485
resnet18,CTSD,jpeg_compression,2,0.022267571205555763,0.9935117599351176,0.9938686556421666,0.9947044912476929,0.9935117599351176
resnet18,CTSD,jpeg_compression,3,0.02373883620943853,0.9943227899432279,0.9947403809150814,0.995602872998981,0.9943227899432279
resnet18,CTSD,jpeg_compression,4,0.03267506503070261,0.991889699918897,0.9918775555526075,0.9921753964433228,0.991889699918897
resnet18,CTSD,jpeg_compression,5,0.057278841247499615,0.981346309813463,0.9821470464654404,0.9845746660076149,0.981346309813463
resnet18,CTSD,motion_blur,1,0.07551781634368843,0.9708029197080292,0.9709840750854843,0.9737388391598552,0.9708029197080292
resnet18,CTSD,motion_blur,2,0.2921142468390577,0.8969991889699919,0.9017253689022757,0.9235264950886578,0.8969991889699919
resnet18,CTSD,motion_blur,3,0.8348266531177777,0.7437145174371452,0.7552785449625437,0.8355070929822878,0.7437145174371452
resnet18,CTSD,motion_blur,4,1.6414327996587328,0.5693430656934306,0.5845514693773924,0.7322373262736089,0.5693430656934306
resnet18,CTSD,motion_blur,5,2.1429932076855587,0.46634225466342255,0.48537967020867007,0.641680188567108,0.46634225466342255
resnet18,CTSD,zoom_blur,1,0.02721468187922979,0.9951338199513382,0.9951440746231868,0.9955779513963925,0.9951338199513382
resnet18,CTSD,zoom_blur,2,0.03682496892069281,0.991889699918897,0.9923191108090809,0.9932885218773295,0.991889699918897
resnet18,CTSD,zoom_blur,3,0.07507219118884155,0.9902676399026764,0.9902826316645227,0.990843048359887,0.9902676399026764
resnet18,CTSD,zoom_blur,4,0.12867510936843096,0.986212489862125,0.9861661841383033,0.9870598210686395,0.986212489862125
resnet18,CTSD,zoom_blur,5,0.20524879869010182,0.9635036496350365,0.9643550198296587,0.9690529232361902,0.9635036496350365
resnet18,CTSD,snow,1,0.18467976832090116,0.9456609894566099,0.9472833508869187,0.955558049264309,0.9456609894566099
resnet18,CTSD,snow,2,0.7178699546776839,0.7923763179237632,0.7969545078738399,0.8604211145150183,0.7923763179237632
resnet18,CTSD,snow,3,0.9884790290397836,0.7307380373073804,0.7393244571714878,0.8155124985213555,0.7307380373073804
resnet18,CTSD,snow,4,1.7213437845817157,0.5628548256285483,0.5839117310613072,0.7180862935529345,0.5628548256285483
resnet18,CTSD,snow,5,2.41115722497691,0.40794809407948096,0.42713898052263405,0.6830132382531423,0.40794809407948096
resnet18,CTSD,fog,1,3.1475112331851363,0.30656934306569344,0.33205763153663664,0.5826722276092511,0.30656934306569344
resnet18,CTSD,fog,2,4.191431244697787,0.19383617193836172,0.1920691921303338,0.4829288344839783,0.19383617193836172
resnet18,CTSD,fog,3,4.915022348062062,0.12327656123276562,0.12945098887746326,0.3530980761423224,0.12327656123276562
resnet18,CTSD,fog,4,4.786660788413092,0.12327656123276562,0.12603115389596828,0.3459478536333351,0.12327656123276562
resnet18,CTSD,fog,5,5.27039188808865,0.0948905109489051,0.09333231344520151,0.2643928215089518,0.0948905109489051
resnet18,CTSD,frost,1,0.5547363172434059,0.8410381184103812,0.8502621792461346,0.8847608570673304,0.8410381184103812
resnet18,CTSD,frost,2,1.7081381420922879,0.5823195458231955,0.6093566292162725,0.7402517140560203,0.5823195458231955
resnet18,CTSD,frost,3,2.5496700919941007,0.43309002433090027,0.4627847623298188,0.6986074801548133,0.43309002433090027
resnet18,CTSD,frost,4,2.39805285890027,0.42903487429034876,0.45556701470313027,0.6777621864229396,0.42903487429034876
resnet18,CTSD,frost,5,2.8105296218482247,0.37145174371451745,0.4022576742960355,0.6220692686490166,0.37145174371451745
resnet18,CTSD,brightness,1,0.02939865875925751,0.9894566098945661,0.989406837922037,0.9897187895822265,0.9894566098945661
resnet18,CTSD,brightness,2,0.12755486000531685,0.9545823195458232,0.9571318304813339,0.9656742893531286,0.9545823195458232
resnet18,CTSD,brightness,3,0.40477453647158734,0.8799675587996756,0.8847612113100265,0.9076759367863941,0.8799675587996756
resnet18,CTSD,brightness,4,0.8726440062633106,0.7712895377128953,0.7755464023045219,0.8266922316653429,0.7712895377128953
resnet18,CTSD,brightness,5,1.607130042344501,0.6366585563665855,0.6371574226876849,0.7146579582452154,0.6366585563665855
resnet18,CTSD,contrast,1,1.624366378552142,0.5717761557177615,0.5803946168197116,0.7466721259499011,0.5717761557177615
resnet18,CTSD,contrast,2,3.0462811706710036,0.3008921330089213,0.2999394820927874,0.49762704223360443,0.3008921330089213
resnet18,CTSD,contrast,3,4.571251860693617,0.1492295214922952,0.12240532918080865,0.2706818906191543,0.1492295214922952
resnet18,CTSD,contrast,4,5.9177710764406175,0.0770478507704785,0.05430500331125796,0.07878428612592325,0.0770478507704785
resnet18,CTSD,contrast,5,6.4959124822686185,0.038929440389294405,0.0312115863663148,0.06580881957549624,0.038929440389294405
resnet18,CTSD,elastic_transform,1,0.0400032397157181,0.986212489862125,0.9863925940885089,0.9875675647548524,0.986212489862125
resnet18,CTSD,elastic_transform,2,0.054692876225357026,0.9764801297648013,0.9771257552413498,0.9790770762085189,0.9764801297648013
resnet18,CTSD,elastic_transform,3,0.10750913099119166,0.9529602595296026,0.9555321697995257,0.9621624821385405,0.9529602595296026
resnet18,CTSD,elastic_transform,4,0.15055733395850668,0.935117599351176,0.9391911954205697,0.9492243333870957,0.935117599351176
resnet18,CTSD,elastic_transform,5,0.22405650745246436,0.9124087591240876,0.9179404171715501,0.9345795827104765,0.9124087591240876
resnet18,CTSD,pixelate,1,0.019883063261526345,0.9951338199513382,0.9951179728714291,0.995423332974696,0.9951338199513382
resnet18,CTSD,pixelate,2,0.02151690254898837,0.9943227899432279,0.9947248857834002,0.995510338606843,0.9943227899432279
resnet18,CTSD,pixelate,3,0.029320831128848538,0.9894566098945661,0.9894504701800165,0.9902184527233008,0.9894566098945661
resnet18,CTSD,pixelate,4,0.04168977856708559,0.9878345498783455,0.988253282467335,0.9898990865161017,0.9878345498783455
resnet18,CTSD,pixelate,5,0.07464940460445624,0.967558799675588,0.9692712967833369,0.973899035684162,0.967558799675588
mobilenet_v2,CTSD,gaussian_noise,1,0.6035621643598159,0.7818329278183292,0.7793522031677866,0.7878667654527015,0.7818329278183292
mobilenet_v2,CTSD,gaussian_noise,2,0.8431022784764073,0.7250608272506083,0.7240667002608843,0.7369642510389333,0.7250608272506083
mobilenet_v2,CTSD,gaussian_noise,3,1.3880191688990071,0.5944849959448499,0.5986229031512339,0.6225160213455301,0.5944849959448499
mobilenet_v2,CTSD,gaussian_noise,4,2.232718714058931,0.48905109489051096,0.4898475565880652,0.5208353918701264,0.48905109489051096
mobilenet_v2,CTSD,gaussian_noise,5,3.4400217430628324,0.30494728304947283,0.29855207304539927,0.33305168105959454,0.30494728304947283
mobilenet_v2,CTSD,shot_noise,1,0.6031883752210684,0.7826439578264396,0.7801456411788494,0.7980487000181613,0.7826439578264396
mobilenet_v2,CTSD,shot_noise,2,0.8978462810934025,0.7185725871857259,0.7153718638066864,0.728529678985385,0.7185725871857259
mobilenet_v2,CTSD,shot_noise,3,1.39927596835131,0.6228710462287105,0.623291934333491,0.6391151120059894,0.6228710462287105
mobilenet_v2,CTSD,shot_noise,4,2.0766963328371566,0.51338199513382,0.5130209594662255,0.534507866242092,0.51338199513382
mobilenet_v2,CTSD,shot_noise,5,2.9138280419150893,0.39740470397404704,0.3886369465283291,0.4153944263460266,0.39740470397404704
mobilenet_v2,CTSD,impulse_noise,1,0.7603307129016081,0.7453365774533658,0.7446074582643543,0.75419438999892,0.7453365774533658
mobilenet_v2,CTSD,impulse_noise,2,1.1639448198378812,0.6642335766423357,0.6636767584526899,0.6787345583770439,0.6642335766423357
mobilenet_v2,CTSD,impulse_noise,3,1.4823551313333752,0.6034063260340633,0.6017145420149445,0.6142953431996622,0.6034063260340633
mobilenet_v2,CTSD,impulse_noise,4,2.4419719623726555,0.44606650446066504,0.4474249815341099,0.4842797753337437,0.44606650446066504
mobilenet_v2,CTSD,impulse_noise,5,3.6010967120830353,0.28872668288726683,0.2783322824236173,0.32282098019913485,0.28872668288726683
mobilenet_v2,CTSD,defocus_blur,1,1.1598651975707512,0.6942416869424168,0.6916522770834733,0.7133504254260483,0.6942416869424168
mobilenet_v2,CTSD,defocus_blur,2,1.736768430166871,0.5896188158961881,0.5892316497127067,0.6382185537908592,0.5896188158961881
mobilenet_v2,CTSD,defocus_blur,3,2.836426049253366,0.43390105433901055,0.4166109894663898,0.48642158197793806,0.43390105433901055
mobilenet_v2,CTSD,defocus_blur,4,3.334093439994744,0.33252230332522303,0.31390569666157514,0.3621737053939004,0.33252230332522303
mobilenet_v2,CTSD,defocus_blur,5,3.9043023820244387,0.25060827250608275,0.23516408450532192,0.2819874710408225,0.25060827250608275
mobilenet_v2,CTSD,jpeg_compression,1,0.5796634275209391,0.7948094079480941,0.7934171700915069,0.8049127868946493,0.7948094079480941
mobilenet_v2,CTSD,jpeg_compression,2,0.6557978982859671,0.7745336577453366,0.7744293619318953,0.7860567678412725,0.7745336577453366
mobilenet_v2,CTSD,jpeg_compression,3,0.7425998910500186,0.7429034874290349,0.7422904219605833,0.7558696857049285,0.7429034874290349
mobilenet_v2,CTSD,jpeg_compression,4,0.9745287896652871,0.6950527169505272,0.6944836890644989,0.7135568387821302,0.6950527169505272
mobilenet_v2,CTSD,jpeg_compression,5,1.0833344150150297,0.6472019464720195,0.6460474667364251,0.6701656696665563,0.6472019464720195
mobilenet_v2,CTSD,motion_blur,1,1.9756862206470647,0.5612327656123277,0.5571453745957436,0.5966568839749489,0.5612327656123277
mobilenet_v2,CTSD,motion_blur,2,2.8892373392858453,0.3982157339821573,0.3874136744320293,0.43596092668454506,0.3982157339821573
mobilenet_v2,CTSD,motion_blur,3,3.5926801584062784,0.28386050283860503,0.2716503811193566,0.31211258128382696,0.28386050283860503
mobilenet_v2,CTSD,motion_blur,4,3.992357338722025,0.21816707218167072,0.2101693053992632,0.2694204274132914,0.21816707218167072
mobilenet_v2,CTSD,motion_blur,5,4.282194163870831,0.1678832116788321,0.1573984829862912,0.19058754764644473,0.1678832116788321
mobilenet_v2,CTSD,zoom_blur,1,1.2248186304234723,0.6739659367396593,0.6726555268793998,0.6937377498980122,0.6739659367396593
mobilenet_v2,CTSD,zoom_blur,2,1.648438681071112,0.5944849959448499,0.5973068852181109,0.6257169805373448,0.5944849959448499
mobilenet_v2,CTSD,zoom_blur,3,2.052118901982118,0.5352798053527981,0.535321246424514,0.5781874564109862,0.5352798053527981
mobilenet_v2,CTSD,zoom_blur,4,2.4391059256721492,0.46796431467964317,0.46016568369123345,0.5196742905099356,0.46796431467964317
mobilenet_v2,CTSD,zoom_blur,5,2.849371300609926,0.39902676399026765,0.38481966229279446,0.44299883164050147,0.39902676399026765
mobilenet_v2,CTSD,snow,1,2.9719919811296736,0.37550689375506896,0.3611375731452518,0.38858346544249883,0.37550689375506896
mobilenet_v2,CTSD,snow,2,4.241832198307752,0.21735604217356042,0.21279428264571879,0.2584819956836709,0.21735604217356042
mobilenet_v2,CTSD,snow,3,4.326422419087827,0.2003244120032441,0.18587497664827232,0.21529562856022755,0.2003244120032441
mobilenet_v2,CTSD,snow,4,4.731812115133244,0.1467964314679643,0.1406692611907919,0.16543995361722244,0.1467964314679643
mobilenet_v2,CTSD,snow,5,4.798496607156276,0.12165450121654502,0.1183860925093596,0.1793891663751078,0.12165450121654502
mobilenet_v2,CTSD,fog,1,5.003703039251298,0.09651257096512571,0.08075801165263762,0.18459917002315257,0.09651257096512571
mobilenet_v2,CTSD,fog,2,5.227626070392296,0.07623682076236821,0.06404399580234321,0.18366115676672387,0.07623682076236821
mobilenet_v2,CTSD,fog,3,5.371586745866217,0.06001622060016221,0.04624954658169153,0.060320411878619716,0.06001622060016221
mobilenet_v2,CTSD,fog,4,5.495114578237788,0.0689375506893755,0.0516277434069917,0.08861807785011384,0.0689375506893755
mobilenet_v2,CTSD,fog,5,5.563067937419362,0.059205190592051905,0.04997184168451722,0.07296835542384625,0.059205190592051905
mobilenet_v2,CTSD,frost,1,3.4266550498383856,0.31386861313868614,0.3085830482664674,0.35923780255107896,0.31386861313868614
mobilenet_v2,CTSD,frost,2,4.253731359433857,0.2116788321167883,0.21137978702311053,0.2904741948771737,0.2116788321167883
mobilenet_v2,CTSD,frost,3,4.69782656842098,0.154095701540957,0.1499567602203079,0.19114328623960503,0.154095701540957
mobilenet_v2,CTSD,frost,4,4.76116377922547,0.1330089213300892,0.1330655758618216,0.18648889909924282,0.1330089213300892
mobilenet_v2,CTSD,frost,5,5.054043074883974,0.11841038118410381,0.1129476418258086,0.16233355343394376,0.11841038118410381
mobilenet_v2,CTSD,brightness,1,1.1904898789097214,0.6739659367396593,0.6673264451410676,0.6789706534903583,0.6739659367396593
mobilenet_v2,CTSD,brightness,2,1.9826583611897501,0.527169505271695,0.5129873720702157,0.5269980419279626,0.527169505271695
mobilenet_v2,CTSD,brightness,3,2.639209334480985,0.4582319545823195,0.44617742065894145,0.46726902972405626,0.4582319545823195
mobilenet_v2,CTSD,brightness,4,2.9692168262849856,0.39253852392538524,0.3802764036906374,0.40369338800492827,0.39253852392538524
mobilenet_v2,CTSD,brightness,5,3.2903941897773588,0.3544201135442011,0.33799561445941384,0.3658705041245395,0.3544201135442011
mobilenet_v2,CTSD,contrast,1,3.699171932944416,0.2522303325223033,0.23915807756446114,0.2742017468776583,0.2522303325223033
mobilenet_v2,CTSD,contrast,2,4.220215848859306,0.18329278183292783,0.1799345106713362,0.23639788052847555,0.18329278183292783
mobilenet_v2,CTSD,contrast,3,4.661864148052553,0.11597729115977291,0.12256065905325968,0.20190623169452598,0.11597729115977291
mobilenet_v2,CTSD,contrast,4,5.180409262456839,0.06569343065693431,0.06992172721785056,0.1683338536717615,0.06569343065693431
mobilenet_v2,CTSD,contrast,5,5.371440057143484,0.04460665044606651,0.04135245318917942,0.12918818195583862,0.04460665044606651
mobilenet_v2,CTSD,elastic_transform,1,1.150018396265412,0.6536901865369019,0.6526401024093239,0.6714592342617443,0.6536901865369019
mobilenet_v2,CTSD,elastic_transform,2,1.6849942858975202,0.5725871857258719,0.5661519079965648,0.5902156572379635,0.5725871857258719
mobilenet_v2,CTSD,elastic_transform,3,2.116882265822634,0.5247364152473641,0.5205619774246941,0.5494717928208003,0.5247364152473641
mobilenet_v2,CTSD,elastic_transform,4,2.3373472909084296,0.46553122465531227,0.4550271222016116,0.4852654396177675,0.46553122465531227
mobilenet_v2,CTSD,elastic_transform,5,2.6426697287826353,0.44525547445255476,0.4331686545840888,0.4704518939259932,0.44525547445255476
mobilenet_v2,CTSD,pixelate,1,0.4770912088616921,0.8231954582319546,0.821203358372371,0.8317995753191972,0.8231954582319546
mobilenet_v2,CTSD,pixelate,2,0.48903223359768505,0.8272506082725061,0.8259065462441083,0.8344872065672301,0.8272506082725061
mobilenet_v2,CTSD,pixelate,3,0.7649034088642155,0.7623682076236821,0.7606956284698375,0.7737718861373204,0.7623682076236821
mobilenet_v2,CTSD,pixelate,4,1.098804388989884,0.7039740470397404,0.7023016775527426,0.7204900439448428,0.7039740470397404
mobilenet_v2,CTSD,pixelate,5,1.410558573327602,0.6480129764801298,0.6468303832746319,0.6684983317252026,0.6480129764801298
efficientnet_b0,CTSD,gaussian_noise,1,0.4900900321526926,0.8361719383617194,0.8370282418179547,0.8477834142490044,0.8361719383617194
efficientnet_b0,CTSD,gaussian_noise,2,0.5700379904942694,0.8126520681265207,0.8146804476496385,0.8310761866077123,0.8126520681265207
efficientnet_b0,CTSD,gaussian_noise,3,0.7439629717368182,0.7299270072992701,0.7337692661739393,0.7571101270134676,0.7299270072992701
efficientnet_b0,CTSD,gaussian_noise,4,1.1926570710909628,0.6017842660178426,0.6073838312901167,0.6528154836985786,0.6017842660178426
efficientnet_b0,CTSD,gaussian_noise,5,1.9387546473659352,0.46553122465531227,0.47786918185791427,0.5527115324100793,0.46553122465531227
efficientnet_b0,CTSD,shot_noise,1,0.4888787315274677,0.8353609083536091,0.8365535731931126,0.8495605600333214,0.8353609083536091
efficientnet_b0,CTSD,shot_noise,2,0.5833832656138328,0.8069748580697486,0.806875324765708,0.8221629803876909,0.8069748580697486
efficientnet_b0,CTSD,shot_noise,3,0.7467461873725093,0.748580697485807,0.7504263378559501,0.7747092792221383,0.748580697485807
efficientnet_b0,CTSD,shot_noise,4,1.1970396868503876,0.6512570965125709,0.6555260201438248,0.6864524858956605,0.6512570965125709
efficientnet_b0,CTSD,shot_noise,5,1.5550010537869159,0.5677210056772101,0.5727602838720768,0.621367139087253,0.5677210056772101
efficientnet_b0,CTSD,impulse_noise,1,0.5367051819815253,0.8207623682076237,0.8229623725248951,0.8378612682724368,0.8207623682076237
efficientnet_b0,CTSD,impulse_noise,2,0.6906634843745855,0.7761557177615572,0.7797389113680989,0.7991226465914415,0.7761557177615572
efficientnet_b0,CTSD,impulse_noise,3,0.7924789352718641,0.7274939172749392,0.7285029793075697,0.7551308252580635,0.7274939172749392
efficientnet_b0,CTSD,impulse_noise,4,1.2884728813548447,0.5879967558799676,0.5943088625471559,0.6374932159862187,0.5879967558799676
efficientnet_b0,CTSD,impulse_noise,5,1.9442645979913773,0.46472019464720193,0.47025635151444645,0.5406684406093368,0.46472019464720193
efficientnet_b0,CTSD,defocus_blur,1,0.673999895603794,0.7883211678832117,0.7888216084019815,0.8176741218751064,0.7883211678832117
efficientnet_b0,CTSD,defocus_blur,2,0.9899613002114246,0.7023519870235199,0.7058828475782376,0.7623750892022293,0.7023519870235199
efficientnet_b0,CTSD,defocus_blur,3,1.8591937867974422,0.5563665855636658,0.5685384494937549,0.6797443725337725,0.5563665855636658
efficientnet_b0,CTSD,defocus_blur,4,2.489517830680853,0.4444444444444444,0.46228412616491954,0.6176506610536321,0.4444444444444444
efficientnet_b0,CTSD,defocus_blur,5,3.113438213732024,0.32765612327656124,0.34803521413762295,0.5018250510489515,0.32765612327656124
efficientnet_b0,CTSD,jpeg_compression,1,0.48118356143374413,0.845904298459043,0.8486022008496324,0.8633745092371731,0.845904298459043
efficientnet_b0,CTSD,jpeg_compression,2,0.4921251299027399,0.8321167883211679,0.8330577699900275,0.842448260175576,0.8321167883211679
efficientnet_b0,CTSD,jpeg_compression,3,0.5133355749349524,0.8402270884022709,0.8405384725332181,0.8551556663978066,0.8402270884022709
efficientnet_b0,CTSD,jpeg_compression,4,0.5832809312065153,0.7988645579886455,0.800106101367393,0.8197838469491721,0.7988645579886455
efficientnet_b0,CTSD,jpeg_compression,5,0.690484106589021,0.7575020275750203,0.7632563303643926,0.793961536562582,0.7575020275750203
efficientnet_b0,CTSD,motion_blur,1,1.0068715425013335,0.708029197080292,0.704121373963912,0.7382924855738086,0.708029197080292
efficientnet_b0,CTSD,motion_blur,2,1.6834683816605047,0.5571776155717761,0.5500458930614112,0.6133319388800565,0.5571776155717761
efficientnet_b0,CTSD,motion_blur,3,2.589710398408715,0.38686131386861317,0.3981041089447265,0.5181789264492128,0.38686131386861317
efficientnet_b0,CTSD,motion_blur,4,3.2648042654082334,0.25141930251419303,0.2571083604891552,0.36135668609513877,0.25141930251419303
efficientnet_b0,CTSD,motion_blur,5,3.5573940760511165,0.21005677210056772,0.22285756063254755,0.3327695009301724,0.21005677210056772
efficientnet_b0,CTSD,zoom_blur,1,0.6595544195329862,0.7948094079480941,0.7922349180159693,0.8158372129910567,0.7948094079480941
efficientnet_b0,CTSD,zoom_blur,2,0.8658963377555018,0.7615571776155717,0.75736133942849,0.7842108157977332,0.7615571776155717
efficientnet_b0,CTSD,zoom_blur,3,1.0277537597646969,0.7185725871857259,0.7146600131632879,0.7571499673125813,0.7185725871857259
efficientnet_b0,CTSD,zoom_blur,4,1.166429207852867,0.6739659367396593,0.6702502136578189,0.7134997651915361,0.6739659367396593
efficientnet_b0,CTSD,zoom_blur,5,1.3629266959037223,0.624493106244931,0.6188480305583686,0.6833689810614473,0.624493106244931
efficientnet_b0,CTSD,snow,1,1.2269176913052193,0.5879967558799676,0.6008806658922514,0.67399253289922,0.5879967558799676
efficientnet_b0,CTSD,snow,2,2.271587664870257,0.40632603406326034,0.39764777697477766,0.49362336863338474,0.40632603406326034
efficientnet_b0,CTSD,snow,3,2.4582101264235843,0.38118410381184104,0.3682548804190423,0.4251069068437667,0.38118410381184104
efficientnet_b0,CTSD,snow,4,3.261158337896661,0.27656123276561234,0.26351717541608194,0.32581066874203196,0.27656123276561234
efficientnet_b0,CTSD,snow,5,3.513733422379134,0.2725060827250608,0.25037009099712565,0.2745140200835375,0.2725060827250608
efficientnet_b0,CTSD,fog,1,3.1762584298003134,0.24249797242497972,0.25631286809229525,0.4799373325558054,0.24249797242497972
efficientnet_b0,CTSD,fog,2,3.6736107336633688,0.1711273317112733,0.18086642702129085,0.2748620031366721,0.1711273317112733
efficientnet_b0,CTSD,fog,3,4.046614211454492,0.12003244120032441,0.1164964194879333,0.17702231172698007,0.12003244120032441
efficientnet_b0,CTSD,fog,4,4.092188661502612,0.137875101378751,0.13488533867699826,0.19542803956184707,0.137875101378751
efficientnet_b0,CTSD,fog,5,4.489934898447623,0.09813463098134631,0.09455709767197173,0.1760980688535038,0.09813463098134631
efficientnet_b0,CTSD,frost,1,1.3949237129887428,0.5571776155717761,0.5614081060779805,0.6252309511906861,0.5571776155717761
efficientnet_b0,CTSD,frost,2,2.4621666264746698,0.40145985401459855,0.40846327551972655,0.5007283836624583,0.40145985401459855
efficientnet_b0,CTSD,frost,3,3.0109777520172787,0.28304947283049475,0.27690355438643466,0.3550172469698635,0.28304947283049475
efficientnet_b0,CTSD,frost,4,2.913442142978492,0.28791565287915655,0.2818643356457475,0.4042151589772147,0.28791565287915655
efficientnet_b0,CTSD,frost,5,3.4069507516503625,0.2660178426601784,0.2595536344460403,0.39102813463521763,0.2660178426601784
efficientnet_b0,CTSD,brightness,1,0.5746468996382881,0.7956204379562044,0.7990447472935853,0.8161240019451986,0.7956204379562044
efficientnet_b0,CTSD,brightness,2,1.0631151367568041,0.681265206812652,0.6839291191828246,0.7174787765888032,0.681265206812652
efficientnet_b0,CTSD,brightness,3,1.681529522328868,0.5628548256285483,0.5640851746303296,0.6086508128720971,0.5628548256285483
efficientnet_b0,CTSD,brightness,4,2.3717276474275146,0.44282238442822386,0.44682608143965613,0.5113808781441419,0.44282238442822386
efficientnet_b0,CTSD,brightness,5,3.14475144628384,0.32441200324412,0.32899248250122937,0.42500358175717184,0.32441200324412
efficientnet_b0,CTSD,contrast,1,2.188097243761494,0.4444444444444444,0.4588293720689312,0.5916532092620825,0.4444444444444444
efficientnet_b0,CTSD,contrast,2,2.792287272741808,0.2935928629359286,0.3153805055247487,0.49007579163376846,0.2935928629359286
efficientnet_b0,CTSD,contrast,3,3.51075324099526,0.1192214111922141,0.13619651598760601,0.2971573819248208,0.1192214111922141
efficientnet_b0,CTSD,contrast,4,4.393954258475571,0.039740470397404706,0.03773248814784493,0.13081669779905206,0.039740470397404706
efficientnet_b0,CTSD,contrast,5,4.86414128401757,0.030008110300081103,0.024737825873463765,0.04678834955931768,0.030008110300081103
efficientnet_b0,CTSD,elastic_transform,1,0.7076423287585027,0.7664233576642335,0.7698864826564839,0.7974926816647755,0.7664233576642335
efficientnet_b0,CTSD,elastic_transform,2,0.987939554071001,0.7307380373073804,0.7294089110716047,0.7550466750057987,0.7307380373073804
efficientnet_b0,CTSD,elastic_transform,3,1.184132361644086,0.6374695863746959,0.6395824808398646,0.6865372144425947,0.6374695863746959
efficientnet_b0,CTSD,elastic_transform,4,1.3357933480277453,0.6082725060827251,0.6090047548812076,0.6647129283748456,0.6082725060827251
efficientnet_b0,CTSD,elastic_transform,5,1.773770324891888,0.5563665855636658,0.5593089740820422,0.6270543528503048,0.5563665855636658
efficientnet_b0,CTSD,pixelate,1,0.4540677511972426,0.8499594484995945,0.8489370604516289,0.8620169650079651,0.8499594484995945
efficientnet_b0,CTSD,pixelate,2,0.463860119660502,0.8467153284671532,0.8455051811309297,0.8552995646403957,0.8467153284671532
efficientnet_b0,CTSD,pixelate,3,0.5065407892213251,0.8313057583130575,0.8310916155310519,0.8502564730187164,0.8313057583130575
efficientnet_b0,CTSD,pixelate,4,0.721918443911267,0.7883211678832117,0.7887086688028557,0.8202962256002748,0.7883211678832117
efficientnet_b0,CTSD,pixelate,5,0.742178204479202,0.7631792376317924,0.7638526170632383,0.7975533281066293,0.7631792376317924
